Id,State,Murder,Rape,Robbery,"Aggravated
assault","Property
crime",Burglary,"Larceny-
theft","Motor
vehicle
theft",Arson,"Violent
crime",sql
1,Columbus,142,919,"1,963","1,454","34,408","7,111","23,121","4,176",379,"4,478","INSERT INTO Crimes (CityId, Year, Murder, Rape, Robbery, AggravatedAssault, PropertyCrime, Burglary, Larceny, MotorVehicleTheft, Arson, ViolentCrime) VALUES (1, 2017, 142, 919, 1963, 1454, 34408, 7111, 23121, 4176, 379, 4478);"
2,Cleveland,107,497,"2,697","2,698","18,944","5,853","9,696","3,395",253,"5,999","INSERT INTO Crimes (CityId, Year, Murder, Rape, Robbery, AggravatedAssault, PropertyCrime, Burglary, Larceny, MotorVehicleTheft, Arson, ViolentCrime) VALUES (2, 2017, 107, 497, 2697, 2698, 18944, 5853, 9696, 3395, 253, 5999);"
3,Cincinnati,70,292,"1,196","1,275","15,105","3,448","10,172","1,485",,"2,833","INSERT INTO Crimes (CityId, Year, Murder, Rape, Robbery, AggravatedAssault, PropertyCrime, Burglary, Larceny, MotorVehicleTheft, Arson, ViolentCrime) VALUES (3, 2017, 70, 292, 1196, 1275, 15105, 3448, 10172, 1485, 0, 2833);"
4,Toledo,35,,780,"1,834","11,095","3,103","7,247",745,,,"INSERT INTO Crimes (CityId, Year, Murder, Rape, Robbery, AggravatedAssault, PropertyCrime, Burglary, Larceny, MotorVehicleTheft, Arson, ViolentCrime) VALUES (4, 2017, 35, 0, 780, 1834, 11095, 3103, 7247, 745, 0, 0);"
5,Akron,42,209,395,731,"8,360","2,301","5,304",755,103,"1,377","INSERT INTO Crimes (CityId, Year, Murder, Rape, Robbery, AggravatedAssault, PropertyCrime, Burglary, Larceny, MotorVehicleTheft, Arson, ViolentCrime) VALUES (5, 2017, 42, 209, 395, 731, 8360, 2301, 5304, 755, 103, 1377);"
6,Dayton,30,122,393,687,"6,083","1,779","3,688",616,26,"1,232","INSERT INTO Crimes (CityId, Year, Murder, Rape, Robbery, AggravatedAssault, PropertyCrime, Burglary, Larceny, MotorVehicleTheft, Arson, ViolentCrime) VALUES (6, 2017, 30, 122, 393, 687, 6083, 1779, 3688, 616, 26, 1232);"
7,Parma,0,39,37,65,906,199,633,74,2,141,"INSERT INTO Crimes (CityId, Year, Murder, Rape, Robbery, AggravatedAssault, PropertyCrime, Burglary, Larceny, MotorVehicleTheft, Arson, ViolentCrime) VALUES (7, 2017, 0, 39, 37, 65, 906, 199, 633, 74, 2, 141);"
8,Canton,16,97,188,535,"3,766","1,008","2,512",246,12,836,"INSERT INTO Crimes (CityId, Year, Murder, Rape, Robbery, AggravatedAssault, PropertyCrime, Burglary, Larceny, MotorVehicleTheft, Arson, ViolentCrime) VALUES (8, 2017, 16, 97, 188, 535, 3766, 1008, 2512, 246, 12, 836);"
9,Youngstown,23,32,151,241,"2,362",847,"1,283",232,82,447,"INSERT INTO Crimes (CityId, Year, Murder, Rape, Robbery, AggravatedAssault, PropertyCrime, Burglary, Larceny, MotorVehicleTheft, Arson, ViolentCrime) VALUES (9, 2017, 23, 32, 151, 241, 2362, 847, 1283, 232, 82, 447);"
10,Lorain,2,30,87,254,"2,019",590,"1,335",94,11,373,"INSERT INTO Crimes (CityId, Year, Murder, Rape, Robbery, AggravatedAssault, PropertyCrime, Burglary, Larceny, MotorVehicleTheft, Arson, ViolentCrime) VALUES (10, 2017, 2, 30, 87, 254, 2019, 590, 1335, 94, 11, 373);"
11,Hamilton,3,75,111,123,"2,608",716,"1,890",2,33,312,"INSERT INTO Crimes (CityId, Year, Murder, Rape, Robbery, AggravatedAssault, PropertyCrime, Burglary, Larceny, MotorVehicleTheft, Arson, ViolentCrime) VALUES (11, 2017, 3, 75, 111, 123, 2608, 716, 1890, 2, 33, 312);"
12,West Chester Township,0,21,15,28,"1,300",170,"1,086",44,5,64,"INSERT INTO Crimes (CityId, Year, Murder, Rape, Robbery, AggravatedAssault, PropertyCrime, Burglary, Larceny, MotorVehicleTheft, Arson, ViolentCrime) VALUES (12, 2017, 0, 21, 15, 28, 1300, 170, 1086, 44, 5, 64);"
13,Colerain Township,1,14,41,44,"1,708",223,"1,400",85,7,100,"INSERT INTO Crimes (CityId, Year, Murder, Rape, Robbery, AggravatedAssault, PropertyCrime, Burglary, Larceny, MotorVehicleTheft, Arson, ViolentCrime) VALUES (13, 2017, 1, 14, 41, 44, 1708, 223, 1400, 85, 7, 100);"
14,Green Township,0,14,19,19,"1,237",218,963,56,0,52,"INSERT INTO Crimes (CityId, Year, Murder, Rape, Robbery, AggravatedAssault, PropertyCrime, Burglary, Larceny, MotorVehicleTheft, Arson, ViolentCrime) VALUES (14, 2017, 0, 14, 19, 19, 1237, 218, 963, 56, 0, 52);"
15,Springfield,9,25,177,159,"4,024","1,040","2,691",293,76,370,"INSERT INTO Crimes (CityId, Year, Murder, Rape, Robbery, AggravatedAssault, PropertyCrime, Burglary, Larceny, MotorVehicleTheft, Arson, ViolentCrime) VALUES (15, 2017, 9, 25, 177, 159, 4024, 1040, 2691, 293, 76, 370);"
16,Kettering,0,23,26,21,860,192,616,52,3,70,"INSERT INTO Crimes (CityId, Year, Murder, Rape, Robbery, AggravatedAssault, PropertyCrime, Burglary, Larceny, MotorVehicleTheft, Arson, ViolentCrime) VALUES (16, 2017, 0, 23, 26, 21, 860, 192, 616, 52, 3, 70);"
17,Elyria,3,39,64,85,"1,146",248,842,56,12,191,"INSERT INTO Crimes (CityId, Year, Murder, Rape, Robbery, AggravatedAssault, PropertyCrime, Burglary, Larceny, MotorVehicleTheft, Arson, ViolentCrime) VALUES (17, 2017, 3, 39, 64, 85, 1146, 248, 842, 56, 12, 191);"
18,Lakewood,2,6,40,26,"1,199",469,652,78,5,74,"INSERT INTO Crimes (CityId, Year, Murder, Rape, Robbery, AggravatedAssault, PropertyCrime, Burglary, Larceny, MotorVehicleTheft, Arson, ViolentCrime) VALUES (18, 2017, 2, 6, 40, 26, 1199, 469, 652, 78, 5, 74);"
19,Cuyahoga Falls,2,18,8,21,"1,209",143,"1,027",39,1,49,"INSERT INTO Crimes (CityId, Year, Murder, Rape, Robbery, AggravatedAssault, PropertyCrime, Burglary, Larceny, MotorVehicleTheft, Arson, ViolentCrime) VALUES (19, 2017, 2, 18, 8, 21, 1209, 143, 1027, 39, 1, 49);"
20,Middletown,5,41,87,116,"2,956",684,"2,092",180,0,249,"INSERT INTO Crimes (CityId, Year, Murder, Rape, Robbery, AggravatedAssault, PropertyCrime, Burglary, Larceny, MotorVehicleTheft, Arson, ViolentCrime) VALUES (20, 2017, 5, 41, 87, 116, 2956, 684, 2092, 180, 0, 249);"
21,"Union Township, Clermont County",0,25,4,10,891,123,752,16,3,39,"INSERT INTO Crimes (CityId, Year, Murder, Rape, Robbery, AggravatedAssault, PropertyCrime, Burglary, Larceny, MotorVehicleTheft, Arson, ViolentCrime) VALUES (21, 2017, 0, 25, 4, 10, 891, 123, 752, 16, 3, 39);"
22,Euclid,4,26,118,155,"1,267",226,910,131,6,303,"INSERT INTO Crimes (CityId, Year, Murder, Rape, Robbery, AggravatedAssault, PropertyCrime, Burglary, Larceny, MotorVehicleTheft, Arson, ViolentCrime) VALUES (22, 2017, 4, 26, 118, 155, 1267, 226, 910, 131, 6, 303);"
23,Mentor,0,11,17,44,908,105,780,23,6,72,"INSERT INTO Crimes (CityId, Year, Murder, Rape, Robbery, AggravatedAssault, PropertyCrime, Burglary, Larceny, MotorVehicleTheft, Arson, ViolentCrime) VALUES (23, 2017, 0, 11, 17, 44, 908, 105, 780, 23, 6, 72);"
24,Beavercreek,0,13,9,16,"1,111",49,"1,013",49,2,38,"INSERT INTO Crimes (CityId, Year, Murder, Rape, Robbery, AggravatedAssault, PropertyCrime, Burglary, Larceny, MotorVehicleTheft, Arson, ViolentCrime) VALUES (24, 2017, 0, 13, 9, 16, 1111, 49, 1013, 49, 2, 38);"
25,Mansfield,7,45,75,121,"2,392",569,"1,745",78,19,248,"INSERT INTO Crimes (CityId, Year, Murder, Rape, Robbery, AggravatedAssault, PropertyCrime, Burglary, Larceny, MotorVehicleTheft, Arson, ViolentCrime) VALUES (25, 2017, 7, 45, 75, 121, 2392, 569, 1745, 78, 19, 248);"
26,Dublin,1,12,9,9,538,60,458,20,1,31,"INSERT INTO Crimes (CityId, Year, Murder, Rape, Robbery, AggravatedAssault, PropertyCrime, Burglary, Larceny, MotorVehicleTheft, Arson, ViolentCrime) VALUES (26, 2017, 1, 12, 9, 9, 538, 60, 458, 20, 1, 31);"
27,Strongsville,2,1,9,6,852,67,760,25,,18,"INSERT INTO Crimes (CityId, Year, Murder, Rape, Robbery, AggravatedAssault, PropertyCrime, Burglary, Larceny, MotorVehicleTheft, Arson, ViolentCrime) VALUES (27, 2017, 2, 1, 9, 6, 852, 67, 760, 25, 0, 18);"
28,Cleveland Heights,2,16,79,34,879,125,655,99,1,131,"INSERT INTO Crimes (CityId, Year, Murder, Rape, Robbery, AggravatedAssault, PropertyCrime, Burglary, Larceny, MotorVehicleTheft, Arson, ViolentCrime) VALUES (28, 2017, 2, 16, 79, 34, 879, 125, 655, 99, 1, 131);"
29,Fairfield,1,11,12,66,932,99,782,51,2,90,"INSERT INTO Crimes (CityId, Year, Murder, Rape, Robbery, AggravatedAssault, PropertyCrime, Burglary, Larceny, MotorVehicleTheft, Arson, ViolentCrime) VALUES (29, 2017, 1, 11, 12, 66, 932, 99, 782, 51, 2, 90);"
30,"Miami Township, Clermont County",0,12,3,19,625,77,529,19,0,34,"INSERT INTO Crimes (CityId, Year, Murder, Rape, Robbery, AggravatedAssault, PropertyCrime, Burglary, Larceny, MotorVehicleTheft, Arson, ViolentCrime) VALUES (30, 2017, 0, 12, 3, 19, 625, 77, 529, 19, 0, 34);"
31,Findlay,3,25,24,76,"1,304",216,"1,050",38,3,128,"INSERT INTO Crimes (CityId, Year, Murder, Rape, Robbery, AggravatedAssault, PropertyCrime, Burglary, Larceny, MotorVehicleTheft, Arson, ViolentCrime) VALUES (31, 2017, 3, 25, 24, 76, 1304, 216, 1050, 38, 3, 128);"
32,"Jackson Township, Stark County",1,14,24,19,"1,101",120,963,18,7,58,"INSERT INTO Crimes (CityId, Year, Murder, Rape, Robbery, AggravatedAssault, PropertyCrime, Burglary, Larceny, MotorVehicleTheft, Arson, ViolentCrime) VALUES (32, 2017, 1, 14, 24, 19, 1101, 120, 963, 18, 7, 58);"
33,Grove City,4,14,24,5,"1,365",112,"1,197",56,0,47,"INSERT INTO Crimes (CityId, Year, Murder, Rape, Robbery, AggravatedAssault, PropertyCrime, Burglary, Larceny, MotorVehicleTheft, Arson, ViolentCrime) VALUES (33, 2017, 4, 14, 24, 5, 1365, 112, 1197, 56, 0, 47);"
34,Lancaster,0,24,33,70,"1,706",236,"1,382",88,12,127,"INSERT INTO Crimes (CityId, Year, Murder, Rape, Robbery, AggravatedAssault, PropertyCrime, Burglary, Larceny, MotorVehicleTheft, Arson, ViolentCrime) VALUES (34, 2017, 0, 24, 33, 70, 1706, 236, 1382, 88, 12, 127);"
35,Warren,11,32,101,83,"1,608",494,"1,008",106,2,227,"INSERT INTO Crimes (CityId, Year, Murder, Rape, Robbery, AggravatedAssault, PropertyCrime, Burglary, Larceny, MotorVehicleTheft, Arson, ViolentCrime) VALUES (35, 2017, 11, 32, 101, 83, 1608, 494, 1008, 106, 2, 227);"
36,Westerville,0,12,16,16,945,77,851,17,2,44,"INSERT INTO Crimes (CityId, Year, Murder, Rape, Robbery, AggravatedAssault, PropertyCrime, Burglary, Larceny, MotorVehicleTheft, Arson, ViolentCrime) VALUES (36, 2017, 0, 12, 16, 16, 945, 77, 851, 17, 2, 44);"
37,Delaware,0,35,8,21,697,119,556,22,11,64,"INSERT INTO Crimes (CityId, Year, Murder, Rape, Robbery, AggravatedAssault, PropertyCrime, Burglary, Larceny, MotorVehicleTheft, Arson, ViolentCrime) VALUES (37, 2017, 0, 35, 8, 21, 697, 119, 556, 22, 11, 64);"
38,Huber Heights,0,15,21,41,951,117,782,52,5,77,"INSERT INTO Crimes (CityId, Year, Murder, Rape, Robbery, AggravatedAssault, PropertyCrime, Burglary, Larceny, MotorVehicleTheft, Arson, ViolentCrime) VALUES (38, 2017, 0, 15, 21, 41, 951, 117, 782, 52, 5, 77);"
39,Reynoldsburg,1,23,48,27,"1,062",133,894,35,4,99,"INSERT INTO Crimes (CityId, Year, Murder, Rape, Robbery, AggravatedAssault, PropertyCrime, Burglary, Larceny, MotorVehicleTheft, Arson, ViolentCrime) VALUES (39, 2017, 1, 23, 48, 27, 1062, 133, 894, 35, 4, 99);"
40,Lima,5,52,81,137,"1,982",569,"1,334",79,,275,"INSERT INTO Crimes (CityId, Year, Murder, Rape, Robbery, AggravatedAssault, PropertyCrime, Burglary, Larceny, MotorVehicleTheft, Arson, ViolentCrime) VALUES (40, 2017, 5, 52, 81, 137, 1982, 569, 1334, 79, 0, 275);"
41,"Springfield Township, Hamilton County",1,6,31,35,674,131,495,48,7,73,"INSERT INTO Crimes (CityId, Year, Murder, Rape, Robbery, AggravatedAssault, PropertyCrime, Burglary, Larceny, MotorVehicleTheft, Arson, ViolentCrime) VALUES (41, 2017, 1, 6, 31, 35, 674, 131, 495, 48, 7, 73);"
42,Marion,3,40,28,29,995,316,649,30,11,100,"INSERT INTO Crimes (CityId, Year, Murder, Rape, Robbery, AggravatedAssault, PropertyCrime, Burglary, Larceny, MotorVehicleTheft, Arson, ViolentCrime) VALUES (42, 2017, 3, 40, 28, 29, 995, 316, 649, 30, 11, 100);"
43,Hilliard,0,6,2,9,404,75,293,36,2,17,"INSERT INTO Crimes (CityId, Year, Murder, Rape, Robbery, AggravatedAssault, PropertyCrime, Burglary, Larceny, MotorVehicleTheft, Arson, ViolentCrime) VALUES (43, 2017, 0, 6, 2, 9, 404, 75, 293, 36, 2, 17);"
44,Austintown,0,9,14,39,789,109,659,21,1,62,"INSERT INTO Crimes (CityId, Year, Murder, Rape, Robbery, AggravatedAssault, PropertyCrime, Burglary, Larceny, MotorVehicleTheft, Arson, ViolentCrime) VALUES (44, 2017, 0, 9, 14, 39, 789, 109, 659, 21, 1, 62);"
45,Gahanna,1,13,5,6,791,87,677,27,6,25,"INSERT INTO Crimes (CityId, Year, Murder, Rape, Robbery, AggravatedAssault, PropertyCrime, Burglary, Larceny, MotorVehicleTheft, Arson, ViolentCrime) VALUES (45, 2017, 1, 13, 5, 6, 791, 87, 677, 27, 6, 25);"
46,Upper Arlington,0,3,6,3,512,88,417,7,2,12,"INSERT INTO Crimes (CityId, Year, Murder, Rape, Robbery, AggravatedAssault, PropertyCrime, Burglary, Larceny, MotorVehicleTheft, Arson, ViolentCrime) VALUES (46, 2017, 0, 3, 6, 3, 512, 88, 417, 7, 2, 12);"
47,Brunswick,1,2,4,14,194,22,161,11,0,21,"INSERT INTO Crimes (CityId, Year, Murder, Rape, Robbery, AggravatedAssault, PropertyCrime, Burglary, Larceny, MotorVehicleTheft, Arson, ViolentCrime) VALUES (47, 2017, 1, 2, 4, 14, 194, 22, 161, 11, 0, 21);"
48,Stow,1,19,6,6,690,102,584,4,0,32,"INSERT INTO Crimes (CityId, Year, Murder, Rape, Robbery, AggravatedAssault, PropertyCrime, Burglary, Larceny, MotorVehicleTheft, Arson, ViolentCrime) VALUES (48, 2017, 1, 19, 6, 6, 690, 102, 584, 4, 0, 32);"
49,Fairborn,0,30,13,39,723,165,505,53,4,82,"INSERT INTO Crimes (CityId, Year, Murder, Rape, Robbery, AggravatedAssault, PropertyCrime, Burglary, Larceny, MotorVehicleTheft, Arson, ViolentCrime) VALUES (49, 2017, 0, 30, 13, 39, 723, 165, 505, 53, 4, 82);"
50,North Ridgeville,1,7,2,7,140,47,89,4,0,17,"INSERT INTO Crimes (CityId, Year, Murder, Rape, Robbery, AggravatedAssault, PropertyCrime, Burglary, Larceny, MotorVehicleTheft, Arson, ViolentCrime) VALUES (50, 2017, 1, 7, 2, 7, 140, 47, 89, 4, 0, 17);"
51,Mason,0,5,3,4,357,31,321,5,0,12,"INSERT INTO Crimes (CityId, Year, Murder, Rape, Robbery, AggravatedAssault, PropertyCrime, Burglary, Larceny, MotorVehicleTheft, Arson, ViolentCrime) VALUES (51, 2017, 0, 5, 3, 4, 357, 31, 321, 5, 0, 12);"
52,Westlake,0,1,9,3,366,25,326,15,,13,"INSERT INTO Crimes (CityId, Year, Murder, Rape, Robbery, AggravatedAssault, PropertyCrime, Burglary, Larceny, MotorVehicleTheft, Arson, ViolentCrime) VALUES (52, 2017, 0, 1, 9, 3, 366, 25, 326, 15, 0, 13);"
53,Bowling Green,0,20,6,15,587,86,486,15,3,41,"INSERT INTO Crimes (CityId, Year, Murder, Rape, Robbery, AggravatedAssault, PropertyCrime, Burglary, Larceny, MotorVehicleTheft, Arson, ViolentCrime) VALUES (53, 2017, 0, 20, 6, 15, 587, 86, 486, 15, 3, 41);"
54,North Olmsted,0,6,11,9,470,40,398,32,0,26,"INSERT INTO Crimes (CityId, Year, Murder, Rape, Robbery, AggravatedAssault, PropertyCrime, Burglary, Larceny, MotorVehicleTheft, Arson, ViolentCrime) VALUES (54, 2017, 0, 6, 11, 9, 470, 40, 398, 32, 0, 26);"
55,Kent,0,1,11,32,451,75,359,17,1,44,"INSERT INTO Crimes (CityId, Year, Murder, Rape, Robbery, AggravatedAssault, PropertyCrime, Burglary, Larceny, MotorVehicleTheft, Arson, ViolentCrime) VALUES (55, 2017, 0, 1, 11, 32, 451, 75, 359, 17, 1, 44);"
56,Delhi Township,0,5,3,7,416,71,319,26,1,15,"INSERT INTO Crimes (CityId, Year, Murder, Rape, Robbery, AggravatedAssault, PropertyCrime, Burglary, Larceny, MotorVehicleTheft, Arson, ViolentCrime) VALUES (56, 2017, 0, 5, 3, 7, 416, 71, 319, 26, 1, 15);"
57,Sylvania Township,0,4,12,23,688,73,577,38,0,39,"INSERT INTO Crimes (CityId, Year, Murder, Rape, Robbery, AggravatedAssault, PropertyCrime, Burglary, Larceny, MotorVehicleTheft, Arson, ViolentCrime) VALUES (57, 2017, 0, 4, 12, 23, 688, 73, 577, 38, 0, 39);"
58,"Miami Township, Montgomery County",0,5,6,17,953,71,839,43,2,28,"INSERT INTO Crimes (CityId, Year, Murder, Rape, Robbery, AggravatedAssault, PropertyCrime, Burglary, Larceny, MotorVehicleTheft, Arson, ViolentCrime) VALUES (58, 2017, 0, 5, 6, 17, 953, 71, 839, 43, 2, 28);"
59,Wooster,0,30,24,48,916,157,722,37,6,102,"INSERT INTO Crimes (CityId, Year, Murder, Rape, Robbery, AggravatedAssault, PropertyCrime, Burglary, Larceny, MotorVehicleTheft, Arson, ViolentCrime) VALUES (59, 2017, 0, 30, 24, 48, 916, 157, 722, 37, 6, 102);"
60,Xenia,1,16,8,30,811,141,636,34,6,55,"INSERT INTO Crimes (CityId, Year, Murder, Rape, Robbery, AggravatedAssault, PropertyCrime, Burglary, Larceny, MotorVehicleTheft, Arson, ViolentCrime) VALUES (60, 2017, 1, 16, 8, 30, 811, 141, 636, 34, 6, 55);"
61,Medina,1,5,5,6,324,55,269,0,0,17,"INSERT INTO Crimes (CityId, Year, Murder, Rape, Robbery, AggravatedAssault, PropertyCrime, Burglary, Larceny, MotorVehicleTheft, Arson, ViolentCrime) VALUES (61, 2017, 1, 5, 5, 6, 324, 55, 269, 0, 0, 17);"
62,Barberton,1,19,14,69,881,158,682,41,8,103,"INSERT INTO Crimes (CityId, Year, Murder, Rape, Robbery, AggravatedAssault, PropertyCrime, Burglary, Larceny, MotorVehicleTheft, Arson, ViolentCrime) VALUES (62, 2017, 1, 19, 14, 69, 881, 158, 682, 41, 8, 103);"
63,Troy,1,20,6,11,502,60,434,8,0,38,"INSERT INTO Crimes (CityId, Year, Murder, Rape, Robbery, AggravatedAssault, PropertyCrime, Burglary, Larceny, MotorVehicleTheft, Arson, ViolentCrime) VALUES (63, 2017, 1, 20, 6, 11, 502, 60, 434, 8, 0, 38);"
64,Athens,0,4,6,24,433,44,370,19,5,34,"INSERT INTO Crimes (CityId, Year, Murder, Rape, Robbery, AggravatedAssault, PropertyCrime, Burglary, Larceny, MotorVehicleTheft, Arson, ViolentCrime) VALUES (64, 2017, 0, 4, 6, 24, 433, 44, 370, 19, 5, 34);"
65,Zanesville,0,19,21,60,"1,157",203,897,57,16,100,"INSERT INTO Crimes (CityId, Year, Murder, Rape, Robbery, AggravatedAssault, PropertyCrime, Burglary, Larceny, MotorVehicleTheft, Arson, ViolentCrime) VALUES (65, 2017, 0, 19, 21, 60, 1157, 203, 897, 57, 16, 100);"
66,Sandusky,1,13,31,25,995,187,769,39,2,70,"INSERT INTO Crimes (CityId, Year, Murder, Rape, Robbery, AggravatedAssault, PropertyCrime, Burglary, Larceny, MotorVehicleTheft, Arson, ViolentCrime) VALUES (66, 2017, 1, 13, 31, 25, 995, 187, 769, 39, 2, 70);"
67,Trotwood,3,15,35,16,891,257,489,145,6,69,"INSERT INTO Crimes (CityId, Year, Murder, Rape, Robbery, AggravatedAssault, PropertyCrime, Burglary, Larceny, MotorVehicleTheft, Arson, ViolentCrime) VALUES (67, 2017, 3, 15, 35, 16, 891, 257, 489, 145, 6, 69);"
68,Avon Lake,0,0,1,7,124,21,97,6,1,8,"INSERT INTO Crimes (CityId, Year, Murder, Rape, Robbery, AggravatedAssault, PropertyCrime, Burglary, Larceny, MotorVehicleTheft, Arson, ViolentCrime) VALUES (68, 2017, 0, 0, 1, 7, 124, 21, 97, 6, 1, 8);"
69,Centerville,0,2,4,8,373,30,327,16,0,14,"INSERT INTO Crimes (CityId, Year, Murder, Rape, Robbery, AggravatedAssault, PropertyCrime, Burglary, Larceny, MotorVehicleTheft, Arson, ViolentCrime) VALUES (69, 2017, 0, 2, 4, 8, 373, 30, 327, 16, 0, 14);"
70,Wadsworth,0,4,1,19,333,28,301,4,1,24,"INSERT INTO Crimes (CityId, Year, Murder, Rape, Robbery, AggravatedAssault, PropertyCrime, Burglary, Larceny, MotorVehicleTheft, Arson, ViolentCrime) VALUES (70, 2017, 0, 4, 1, 19, 333, 28, 301, 4, 1, 24);"
71,Solon,0,2,4,7,182,25,146,11,0,13,"INSERT INTO Crimes (CityId, Year, Murder, Rape, Robbery, AggravatedAssault, PropertyCrime, Burglary, Larceny, MotorVehicleTheft, Arson, ViolentCrime) VALUES (71, 2017, 0, 2, 4, 7, 182, 25, 146, 11, 0, 13);"
72,Willoughby,0,1,17,16,440,37,385,18,1,34,"INSERT INTO Crimes (CityId, Year, Murder, Rape, Robbery, AggravatedAssault, PropertyCrime, Burglary, Larceny, MotorVehicleTheft, Arson, ViolentCrime) VALUES (72, 2017, 0, 1, 17, 16, 440, 37, 385, 18, 1, 34);"
73,Fairfield Township,1,2,7,16,758,55,695,8,1,26,"INSERT INTO Crimes (CityId, Year, Murder, Rape, Robbery, AggravatedAssault, PropertyCrime, Burglary, Larceny, MotorVehicleTheft, Arson, ViolentCrime) VALUES (73, 2017, 1, 2, 7, 16, 758, 55, 695, 8, 1, 26);"
74,Oxford,0,5,7,6,488,82,400,6,2,18,"INSERT INTO Crimes (CityId, Year, Murder, Rape, Robbery, AggravatedAssault, PropertyCrime, Burglary, Larceny, MotorVehicleTheft, Arson, ViolentCrime) VALUES (74, 2017, 0, 5, 7, 6, 488, 82, 400, 6, 2, 18);"
75,Hudson,0,2,1,9,114,36,76,2,4,12,"INSERT INTO Crimes (CityId, Year, Murder, Rape, Robbery, AggravatedAssault, PropertyCrime, Burglary, Larceny, MotorVehicleTheft, Arson, ViolentCrime) VALUES (75, 2017, 0, 2, 1, 9, 114, 36, 76, 2, 4, 12);"
76,Alliance,0,14,11,50,800,109,650,41,6,75,"INSERT INTO Crimes (CityId, Year, Murder, Rape, Robbery, AggravatedAssault, PropertyCrime, Burglary, Larceny, MotorVehicleTheft, Arson, ViolentCrime) VALUES (76, 2017, 0, 14, 11, 50, 800, 109, 650, 41, 6, 75);"
77,Perrysburg,0,3,4,0,232,10,221,1,0,7,"INSERT INTO Crimes (CityId, Year, Murder, Rape, Robbery, AggravatedAssault, PropertyCrime, Burglary, Larceny, MotorVehicleTheft, Arson, ViolentCrime) VALUES (77, 2017, 0, 3, 4, 0, 232, 10, 221, 1, 0, 7);"
78,Chillicothe,0,14,28,51,"1,496",284,"1,160",52,6,93,"INSERT INTO Crimes (CityId, Year, Murder, Rape, Robbery, AggravatedAssault, PropertyCrime, Burglary, Larceny, MotorVehicleTheft, Arson, ViolentCrime) VALUES (78, 2017, 0, 14, 28, 51, 1496, 284, 1160, 52, 6, 93);"
79,South Euclid,0,5,14,14,645,74,536,35,0,33,"INSERT INTO Crimes (CityId, Year, Murder, Rape, Robbery, AggravatedAssault, PropertyCrime, Burglary, Larceny, MotorVehicleTheft, Arson, ViolentCrime) VALUES (79, 2017, 0, 5, 14, 14, 645, 74, 536, 35, 0, 33);"
80,Piqua,1,33,11,9,819,120,681,18,2,54,"INSERT INTO Crimes (CityId, Year, Murder, Rape, Robbery, AggravatedAssault, PropertyCrime, Burglary, Larceny, MotorVehicleTheft, Arson, ViolentCrime) VALUES (80, 2017, 1, 33, 11, 9, 819, 120, 681, 18, 2, 54);"
81,Ashland,0,7,4,14,375,44,326,5,0,25,"INSERT INTO Crimes (CityId, Year, Murder, Rape, Robbery, AggravatedAssault, PropertyCrime, Burglary, Larceny, MotorVehicleTheft, Arson, ViolentCrime) VALUES (81, 2017, 0, 7, 4, 14, 375, 44, 326, 5, 0, 25);"
82,Sidney,3,24,9,6,822,162,641,19,6,42,"INSERT INTO Crimes (CityId, Year, Murder, Rape, Robbery, AggravatedAssault, PropertyCrime, Burglary, Larceny, MotorVehicleTheft, Arson, ViolentCrime) VALUES (82, 2017, 3, 24, 9, 6, 822, 162, 641, 19, 6, 42);"
83,Portsmouth,4,22,34,58,"1,235",275,891,69,2,118,"INSERT INTO Crimes (CityId, Year, Murder, Rape, Robbery, AggravatedAssault, PropertyCrime, Burglary, Larceny, MotorVehicleTheft, Arson, ViolentCrime) VALUES (83, 2017, 4, 22, 34, 58, 1235, 275, 891, 69, 2, 118);"
84,Pickerington,0,6,12,20,352,20,316,16,0,38,"INSERT INTO Crimes (CityId, Year, Murder, Rape, Robbery, AggravatedAssault, PropertyCrime, Burglary, Larceny, MotorVehicleTheft, Arson, ViolentCrime) VALUES (84, 2017, 0, 6, 12, 20, 352, 20, 316, 16, 0, 38);"
85,Norwood,0,15,28,25,895,132,707,56,2,68,"INSERT INTO Crimes (CityId, Year, Murder, Rape, Robbery, AggravatedAssault, PropertyCrime, Burglary, Larceny, MotorVehicleTheft, Arson, ViolentCrime) VALUES (85, 2017, 0, 15, 28, 25, 895, 132, 707, 56, 2, 68);"
86,Oregon,1,10,8,17,779,75,682,22,1,36,"INSERT INTO Crimes (CityId, Year, Murder, Rape, Robbery, AggravatedAssault, PropertyCrime, Burglary, Larceny, MotorVehicleTheft, Arson, ViolentCrime) VALUES (86, 2017, 1, 10, 8, 17, 779, 75, 682, 22, 1, 36);"
87,Miamisburg,0,4,2,8,257,46,204,7,3,14,"INSERT INTO Crimes (CityId, Year, Murder, Rape, Robbery, AggravatedAssault, PropertyCrime, Burglary, Larceny, MotorVehicleTheft, Arson, ViolentCrime) VALUES (87, 2017, 0, 4, 2, 8, 257, 46, 204, 7, 3, 14);"
88,Broadview Heights,0,0,0,1,21,5,11,5,0,1,"INSERT INTO Crimes (CityId, Year, Murder, Rape, Robbery, AggravatedAssault, PropertyCrime, Burglary, Larceny, MotorVehicleTheft, Arson, ViolentCrime) VALUES (88, 2017, 0, 0, 0, 1, 21, 5, 11, 5, 0, 1);"
89,Sylvania,0,3,0,3,86,12,67,7,0,6,"INSERT INTO Crimes (CityId, Year, Murder, Rape, Robbery, AggravatedAssault, PropertyCrime, Burglary, Larceny, MotorVehicleTheft, Arson, ViolentCrime) VALUES (89, 2017, 0, 3, 0, 3, 86, 12, 67, 7, 0, 6);"
90,Twinsburg,2,0,4,12,111,9,99,3,,18,"INSERT INTO Crimes (CityId, Year, Murder, Rape, Robbery, AggravatedAssault, PropertyCrime, Burglary, Larceny, MotorVehicleTheft, Arson, ViolentCrime) VALUES (90, 2017, 2, 0, 4, 12, 111, 9, 99, 3, 0, 18);"
91,Berea,0,1,1,6,140,27,105,8,2,8,"INSERT INTO Crimes (CityId, Year, Murder, Rape, Robbery, AggravatedAssault, PropertyCrime, Burglary, Larceny, MotorVehicleTheft, Arson, ViolentCrime) VALUES (91, 2017, 0, 1, 1, 6, 140, 27, 105, 8, 2, 8);"
92,Whitehall,0,11,69,45,"1,269",187,"1,001",81,12,125,"INSERT INTO Crimes (CityId, Year, Murder, Rape, Robbery, AggravatedAssault, PropertyCrime, Burglary, Larceny, MotorVehicleTheft, Arson, ViolentCrime) VALUES (92, 2017, 0, 11, 69, 45, 1269, 187, 1001, 81, 12, 125);"
93,Mayfield Heights,1,1,5,6,188,12,170,6,0,13,"INSERT INTO Crimes (CityId, Year, Murder, Rape, Robbery, AggravatedAssault, PropertyCrime, Burglary, Larceny, MotorVehicleTheft, Arson, ViolentCrime) VALUES (93, 2017, 1, 1, 5, 6, 188, 12, 170, 6, 0, 13);"
94,Forest Park,1,7,20,22,435,70,345,20,1,50,"INSERT INTO Crimes (CityId, Year, Murder, Rape, Robbery, AggravatedAssault, PropertyCrime, Burglary, Larceny, MotorVehicleTheft, Arson, ViolentCrime) VALUES (94, 2017, 1, 7, 20, 22, 435, 70, 345, 20, 1, 50);"
95,"Madison Township, Franklin County",0,2,5,12,187,51,129,7,0,19,"INSERT INTO Crimes (CityId, Year, Murder, Rape, Robbery, AggravatedAssault, PropertyCrime, Burglary, Larceny, MotorVehicleTheft, Arson, ViolentCrime) VALUES (95, 2017, 0, 2, 5, 12, 187, 51, 129, 7, 0, 19);"
96,Springboro,0,5,0,5,122,15,105,2,0,10,"INSERT INTO Crimes (CityId, Year, Murder, Rape, Robbery, AggravatedAssault, PropertyCrime, Burglary, Larceny, MotorVehicleTheft, Arson, ViolentCrime) VALUES (96, 2017, 0, 5, 0, 5, 122, 15, 105, 2, 0, 10);"
97,Eastlake,1,2,5,6,330,38,282,10,1,14,"INSERT INTO Crimes (CityId, Year, Murder, Rape, Robbery, AggravatedAssault, PropertyCrime, Burglary, Larceny, MotorVehicleTheft, Arson, ViolentCrime) VALUES (97, 2017, 1, 2, 5, 6, 330, 38, 282, 10, 1, 14);"
98,Steubenville,3,4,11,31,"1,132",89,"1,021",22,6,49,"INSERT INTO Crimes (CityId, Year, Murder, Rape, Robbery, AggravatedAssault, PropertyCrime, Burglary, Larceny, MotorVehicleTheft, Arson, ViolentCrime) VALUES (98, 2017, 3, 4, 11, 31, 1132, 89, 1021, 22, 6, 49);"
99,Tallmadge3,0,,8,4,334,55,267,12,5,,"INSERT INTO Crimes (CityId, Year, Murder, Rape, Robbery, AggravatedAssault, PropertyCrime, Burglary, Larceny, MotorVehicleTheft, Arson, ViolentCrime) VALUES (99, 2017, 0, 0, 8, 4, 334, 55, 267, 12, 5, 0);"
100,New Philadelphia,0,0,2,7,139,15,120,4,0,9,"INSERT INTO Crimes (CityId, Year, Murder, Rape, Robbery, AggravatedAssault, PropertyCrime, Burglary, Larceny, MotorVehicleTheft, Arson, ViolentCrime) VALUES (100, 2017, 0, 0, 2, 7, 139, 15, 120, 4, 0, 9);"
101,Tiffin,0,,4,12,390,55,331,4,1,,"INSERT INTO Crimes (CityId, Year, Murder, Rape, Robbery, AggravatedAssault, PropertyCrime, Burglary, Larceny, MotorVehicleTheft, Arson, ViolentCrime) VALUES (101, 2017, 0, 0, 4, 12, 390, 55, 331, 4, 1, 0);"
102,North Canton,0,4,3,5,281,41,232,8,0,12,"INSERT INTO Crimes (CityId, Year, Murder, Rape, Robbery, AggravatedAssault, PropertyCrime, Burglary, Larceny, MotorVehicleTheft, Arson, ViolentCrime) VALUES (102, 2017, 0, 4, 3, 5, 281, 41, 232, 8, 0, 12);"
103,Copley Township,1,1,2,11,163,24,133,6,0,15,"INSERT INTO Crimes (CityId, Year, Murder, Rape, Robbery, AggravatedAssault, PropertyCrime, Burglary, Larceny, MotorVehicleTheft, Arson, ViolentCrime) VALUES (103, 2017, 1, 1, 2, 11, 163, 24, 133, 6, 0, 15);"
104,East Cleveland,5,8,83,40,339,100,89,150,3,136,"INSERT INTO Crimes (CityId, Year, Murder, Rape, Robbery, AggravatedAssault, PropertyCrime, Burglary, Larceny, MotorVehicleTheft, Arson, ViolentCrime) VALUES (104, 2017, 5, 8, 83, 40, 339, 100, 89, 150, 3, 136);"
105,Howland Township,0,1,7,6,383,44,319,20,0,14,"INSERT INTO Crimes (CityId, Year, Murder, Rape, Robbery, AggravatedAssault, PropertyCrime, Burglary, Larceny, MotorVehicleTheft, Arson, ViolentCrime) VALUES (105, 2017, 0, 1, 7, 6, 383, 44, 319, 20, 0, 14);"
106,Defiance,0,14,3,9,464,54,390,20,1,26,"INSERT INTO Crimes (CityId, Year, Murder, Rape, Robbery, AggravatedAssault, PropertyCrime, Burglary, Larceny, MotorVehicleTheft, Arson, ViolentCrime) VALUES (106, 2017, 0, 14, 3, 9, 464, 54, 390, 20, 1, 26);"
107,Mount Vernon,1,6,0,15,621,89,525,7,3,22,"INSERT INTO Crimes (CityId, Year, Murder, Rape, Robbery, AggravatedAssault, PropertyCrime, Burglary, Larceny, MotorVehicleTheft, Arson, ViolentCrime) VALUES (107, 2017, 1, 6, 0, 15, 621, 89, 525, 7, 3, 22);"
108,Streetsboro,0,2,5,4,343,24,309,10,0,11,"INSERT INTO Crimes (CityId, Year, Murder, Rape, Robbery, AggravatedAssault, PropertyCrime, Burglary, Larceny, MotorVehicleTheft, Arson, ViolentCrime) VALUES (108, 2017, 0, 2, 5, 4, 343, 24, 309, 10, 0, 11);"
109,Fairview Park,1,1,4,12,176,14,155,7,1,18,"INSERT INTO Crimes (CityId, Year, Murder, Rape, Robbery, AggravatedAssault, PropertyCrime, Burglary, Larceny, MotorVehicleTheft, Arson, ViolentCrime) VALUES (109, 2017, 1, 1, 4, 12, 176, 14, 155, 7, 1, 18);"
110,Fremont,1,,12,16,866,151,699,16,0,,"INSERT INTO Crimes (CityId, Year, Murder, Rape, Robbery, AggravatedAssault, PropertyCrime, Burglary, Larceny, MotorVehicleTheft, Arson, ViolentCrime) VALUES (110, 2017, 1, 0, 12, 16, 866, 151, 699, 16, 0, 0);"
111,Monroe,0,2,5,12,406,35,364,7,0,19,"INSERT INTO Crimes (CityId, Year, Murder, Rape, Robbery, AggravatedAssault, PropertyCrime, Burglary, Larceny, MotorVehicleTheft, Arson, ViolentCrime) VALUES (111, 2017, 0, 2, 5, 12, 406, 35, 364, 7, 0, 19);"
112,Aurora,0,0,1,2,187,17,168,2,0,3,"INSERT INTO Crimes (CityId, Year, Murder, Rape, Robbery, AggravatedAssault, PropertyCrime, Burglary, Larceny, MotorVehicleTheft, Arson, ViolentCrime) VALUES (112, 2017, 0, 0, 1, 2, 187, 17, 168, 2, 0, 3);"
113,"Goshen Township, Clermont County",0,5,1,1,165,32,118,15,1,7,"INSERT INTO Crimes (CityId, Year, Murder, Rape, Robbery, AggravatedAssault, PropertyCrime, Burglary, Larceny, MotorVehicleTheft, Arson, ViolentCrime) VALUES (113, 2017, 0, 5, 1, 1, 165, 32, 118, 15, 1, 7);"
114,Clearcreek Township,1,2,0,8,74,8,63,3,0,11,"INSERT INTO Crimes (CityId, Year, Murder, Rape, Robbery, AggravatedAssault, PropertyCrime, Burglary, Larceny, MotorVehicleTheft, Arson, ViolentCrime) VALUES (114, 2017, 1, 2, 0, 8, 74, 8, 63, 3, 0, 11);"
115,"Madison Township, Lake County",0,0,0,4,67,8,57,2,1,4,"INSERT INTO Crimes (CityId, Year, Murder, Rape, Robbery, AggravatedAssault, PropertyCrime, Burglary, Larceny, MotorVehicleTheft, Arson, ViolentCrime) VALUES (115, 2017, 0, 0, 0, 4, 67, 8, 57, 2, 1, 4);"
116,Vandalia,0,10,11,5,310,66,219,25,2,26,"INSERT INTO Crimes (CityId, Year, Murder, Rape, Robbery, AggravatedAssault, PropertyCrime, Burglary, Larceny, MotorVehicleTheft, Arson, ViolentCrime) VALUES (116, 2017, 0, 10, 11, 5, 310, 66, 219, 25, 2, 26);"
117,Worthington,2,2,3,4,267,27,227,13,1,11,"INSERT INTO Crimes (CityId, Year, Murder, Rape, Robbery, AggravatedAssault, PropertyCrime, Burglary, Larceny, MotorVehicleTheft, Arson, ViolentCrime) VALUES (117, 2017, 2, 2, 3, 4, 267, 27, 227, 13, 1, 11);"
118,"Springfield Township, Summit County",0,8,11,13,781,108,645,28,4,32,"INSERT INTO Crimes (CityId, Year, Murder, Rape, Robbery, AggravatedAssault, PropertyCrime, Burglary, Larceny, MotorVehicleTheft, Arson, ViolentCrime) VALUES (118, 2017, 0, 8, 11, 13, 781, 108, 645, 28, 4, 32);"
119,New Franklin,0,3,2,10,117,29,84,4,0,15,"INSERT INTO Crimes (CityId, Year, Murder, Rape, Robbery, AggravatedAssault, PropertyCrime, Burglary, Larceny, MotorVehicleTheft, Arson, ViolentCrime) VALUES (119, 2017, 0, 3, 2, 10, 117, 29, 84, 4, 0, 15);"
120,Washington Court House,0,16,14,11,548,79,459,10,4,41,"INSERT INTO Crimes (CityId, Year, Murder, Rape, Robbery, AggravatedAssault, PropertyCrime, Burglary, Larceny, MotorVehicleTheft, Arson, ViolentCrime) VALUES (120, 2017, 0, 16, 14, 11, 548, 79, 459, 10, 4, 41);"
121,Circleville,0,13,21,23,714,136,550,28,4,57,"INSERT INTO Crimes (CityId, Year, Murder, Rape, Robbery, AggravatedAssault, PropertyCrime, Burglary, Larceny, MotorVehicleTheft, Arson, ViolentCrime) VALUES (121, 2017, 0, 13, 21, 23, 714, 136, 550, 28, 4, 57);"
122,Maumee,0,0,3,2,305,31,265,9,0,5,"INSERT INTO Crimes (CityId, Year, Murder, Rape, Robbery, AggravatedAssault, PropertyCrime, Burglary, Larceny, MotorVehicleTheft, Arson, ViolentCrime) VALUES (122, 2017, 0, 0, 3, 2, 305, 31, 265, 9, 0, 5);"
123,Bexley,1,4,10,5,420,104,301,15,0,20,"INSERT INTO Crimes (CityId, Year, Murder, Rape, Robbery, AggravatedAssault, PropertyCrime, Burglary, Larceny, MotorVehicleTheft, Arson, ViolentCrime) VALUES (123, 2017, 1, 4, 10, 5, 420, 104, 301, 15, 0, 20);"
124,Lyndhurst,0,0,7,11,180,21,148,11,0,18,"INSERT INTO Crimes (CityId, Year, Murder, Rape, Robbery, AggravatedAssault, PropertyCrime, Burglary, Larceny, MotorVehicleTheft, Arson, ViolentCrime) VALUES (124, 2017, 0, 0, 7, 11, 180, 21, 148, 11, 0, 18);"
125,Marietta,0,11,2,10,250,37,197,16,2,23,"INSERT INTO Crimes (CityId, Year, Murder, Rape, Robbery, AggravatedAssault, PropertyCrime, Burglary, Larceny, MotorVehicleTheft, Arson, ViolentCrime) VALUES (125, 2017, 0, 11, 2, 10, 250, 37, 197, 16, 2, 23);"
126,Englewood,0,1,7,11,443,8,423,12,5,19,"INSERT INTO Crimes (CityId, Year, Murder, Rape, Robbery, AggravatedAssault, PropertyCrime, Burglary, Larceny, MotorVehicleTheft, Arson, ViolentCrime) VALUES (126, 2017, 0, 1, 7, 11, 443, 8, 423, 12, 5, 19);"
127,Brecksville,0,1,0,1,52,4,47,1,0,2,"INSERT INTO Crimes (CityId, Year, Murder, Rape, Robbery, AggravatedAssault, PropertyCrime, Burglary, Larceny, MotorVehicleTheft, Arson, ViolentCrime) VALUES (127, 2017, 0, 1, 0, 1, 52, 4, 47, 1, 0, 2);"
128,Olmsted Township,0,1,0,0,50,16,32,2,0,1,"INSERT INTO Crimes (CityId, Year, Murder, Rape, Robbery, AggravatedAssault, PropertyCrime, Burglary, Larceny, MotorVehicleTheft, Arson, ViolentCrime) VALUES (128, 2017, 0, 1, 0, 0, 50, 16, 32, 2, 0, 1);"
129,Clayton,0,0,4,1,118,17,92,9,,5,"INSERT INTO Crimes (CityId, Year, Murder, Rape, Robbery, AggravatedAssault, PropertyCrime, Burglary, Larceny, MotorVehicleTheft, Arson, ViolentCrime) VALUES (129, 2017, 0, 0, 4, 1, 118, 17, 92, 9, 0, 5);"
130,Bellefontaine,0,6,2,6,331,46,280,5,2,14,"INSERT INTO Crimes (CityId, Year, Murder, Rape, Robbery, AggravatedAssault, PropertyCrime, Burglary, Larceny, MotorVehicleTheft, Arson, ViolentCrime) VALUES (130, 2017, 0, 6, 2, 6, 331, 46, 280, 5, 2, 14);"
131,University Heights,0,4,19,7,288,16,257,15,0,30,"INSERT INTO Crimes (CityId, Year, Murder, Rape, Robbery, AggravatedAssault, PropertyCrime, Burglary, Larceny, MotorVehicleTheft, Arson, ViolentCrime) VALUES (131, 2017, 0, 4, 19, 7, 288, 16, 257, 15, 0, 30);"
132,Powell,0,2,2,2,103,12,90,1,0,6,"INSERT INTO Crimes (CityId, Year, Murder, Rape, Robbery, AggravatedAssault, PropertyCrime, Burglary, Larceny, MotorVehicleTheft, Arson, ViolentCrime) VALUES (132, 2017, 0, 2, 2, 2, 103, 12, 90, 1, 0, 6);"
133,West Carrollton,1,5,11,6,285,66,198,21,4,23,"INSERT INTO Crimes (CityId, Year, Murder, Rape, Robbery, AggravatedAssault, PropertyCrime, Burglary, Larceny, MotorVehicleTheft, Arson, ViolentCrime) VALUES (133, 2017, 1, 5, 11, 6, 285, 66, 198, 21, 4, 23);"
134,Loveland,0,6,1,5,111,25,79,7,1,12,"INSERT INTO Crimes (CityId, Year, Murder, Rape, Robbery, AggravatedAssault, PropertyCrime, Burglary, Larceny, MotorVehicleTheft, Arson, ViolentCrime) VALUES (134, 2017, 0, 6, 1, 5, 111, 25, 79, 7, 1, 12);"
135,Dover,0,2,1,6,122,27,90,5,0,9,"INSERT INTO Crimes (CityId, Year, Murder, Rape, Robbery, AggravatedAssault, PropertyCrime, Burglary, Larceny, MotorVehicleTheft, Arson, ViolentCrime) VALUES (135, 2017, 0, 2, 1, 6, 122, 27, 90, 5, 0, 9);"
136,Perrysburg Township,0,1,0,4,167,21,139,7,0,5,"INSERT INTO Crimes (CityId, Year, Murder, Rape, Robbery, AggravatedAssault, PropertyCrime, Burglary, Larceny, MotorVehicleTheft, Arson, ViolentCrime) VALUES (136, 2017, 0, 1, 0, 4, 167, 21, 139, 7, 0, 5);"
137,Greenville,0,13,7,20,274,36,217,21,7,40,"INSERT INTO Crimes (CityId, Year, Murder, Rape, Robbery, AggravatedAssault, PropertyCrime, Burglary, Larceny, MotorVehicleTheft, Arson, ViolentCrime) VALUES (137, 2017, 0, 13, 7, 20, 274, 36, 217, 21, 7, 40);"
138,Wickliffe,0,0,4,5,152,26,118,8,0,9,"INSERT INTO Crimes (CityId, Year, Murder, Rape, Robbery, AggravatedAssault, PropertyCrime, Burglary, Larceny, MotorVehicleTheft, Arson, ViolentCrime) VALUES (138, 2017, 0, 0, 4, 5, 152, 26, 118, 8, 0, 9);"
139,Bedford,1,1,16,7,228,50,146,32,0,25,"INSERT INTO Crimes (CityId, Year, Murder, Rape, Robbery, AggravatedAssault, PropertyCrime, Burglary, Larceny, MotorVehicleTheft, Arson, ViolentCrime) VALUES (139, 2017, 1, 1, 16, 7, 228, 50, 146, 32, 0, 25);"
140,Wilmington,0,3,8,12,645,72,562,11,0,23,"INSERT INTO Crimes (CityId, Year, Murder, Rape, Robbery, AggravatedAssault, PropertyCrime, Burglary, Larceny, MotorVehicleTheft, Arson, ViolentCrime) VALUES (140, 2017, 0, 3, 8, 12, 645, 72, 562, 11, 0, 23);"
141,Blue Ash,2,2,4,8,278,42,229,7,0,16,"INSERT INTO Crimes (CityId, Year, Murder, Rape, Robbery, AggravatedAssault, PropertyCrime, Burglary, Larceny, MotorVehicleTheft, Arson, ViolentCrime) VALUES (141, 2017, 2, 2, 4, 8, 278, 42, 229, 7, 0, 16);"
142,American Township,0,0,0,1,209,15,183,11,0,1,"INSERT INTO Crimes (CityId, Year, Murder, Rape, Robbery, AggravatedAssault, PropertyCrime, Burglary, Larceny, MotorVehicleTheft, Arson, ViolentCrime) VALUES (142, 2017, 0, 0, 0, 1, 209, 15, 183, 11, 0, 1);"
143,Shawnee Township,1,4,3,6,135,24,108,3,0,14,"INSERT INTO Crimes (CityId, Year, Murder, Rape, Robbery, AggravatedAssault, PropertyCrime, Burglary, Larceny, MotorVehicleTheft, Arson, ViolentCrime) VALUES (143, 2017, 1, 4, 3, 6, 135, 24, 108, 3, 0, 14);"
144,Amherst,0,0,2,3,157,14,140,3,1,5,"INSERT INTO Crimes (CityId, Year, Murder, Rape, Robbery, AggravatedAssault, PropertyCrime, Burglary, Larceny, MotorVehicleTheft, Arson, ViolentCrime) VALUES (144, 2017, 0, 0, 2, 3, 157, 14, 140, 3, 1, 5);"
145,Macedonia,0,1,1,3,206,14,189,3,1,5,"INSERT INTO Crimes (CityId, Year, Murder, Rape, Robbery, AggravatedAssault, PropertyCrime, Burglary, Larceny, MotorVehicleTheft, Arson, ViolentCrime) VALUES (145, 2017, 0, 1, 1, 3, 206, 14, 189, 3, 1, 5);"
146,Norton,0,4,0,5,186,38,137,11,1,9,"INSERT INTO Crimes (CityId, Year, Murder, Rape, Robbery, AggravatedAssault, PropertyCrime, Burglary, Larceny, MotorVehicleTheft, Arson, ViolentCrime) VALUES (146, 2017, 0, 4, 0, 5, 186, 38, 137, 11, 1, 9);"
147,Poland Township,0,1,1,1,53,14,39,0,0,3,"INSERT INTO Crimes (CityId, Year, Murder, Rape, Robbery, AggravatedAssault, PropertyCrime, Burglary, Larceny, MotorVehicleTheft, Arson, ViolentCrime) VALUES (147, 2017, 0, 1, 1, 1, 53, 14, 39, 0, 0, 3);"
148,Salem,0,4,1,16,348,20,324,4,1,21,"INSERT INTO Crimes (CityId, Year, Murder, Rape, Robbery, AggravatedAssault, PropertyCrime, Burglary, Larceny, MotorVehicleTheft, Arson, ViolentCrime) VALUES (148, 2017, 0, 4, 1, 16, 348, 20, 324, 4, 1, 21);"
149,Bucyrus,0,6,4,16,436,82,348,6,0,26,"INSERT INTO Crimes (CityId, Year, Murder, Rape, Robbery, AggravatedAssault, PropertyCrime, Burglary, Larceny, MotorVehicleTheft, Arson, ViolentCrime) VALUES (149, 2017, 0, 6, 4, 16, 436, 82, 348, 6, 0, 26);"
150,Montville Township,0,0,0,0,61,15,46,0,0,0,"INSERT INTO Crimes (CityId, Year, Murder, Rape, Robbery, AggravatedAssault, PropertyCrime, Burglary, Larceny, MotorVehicleTheft, Arson, ViolentCrime) VALUES (150, 2017, 0, 0, 0, 0, 61, 15, 46, 0, 0, 0);"
151,Seven Hills,0,0,1,2,50,14,33,3,0,3,"INSERT INTO Crimes (CityId, Year, Murder, Rape, Robbery, AggravatedAssault, PropertyCrime, Burglary, Larceny, MotorVehicleTheft, Arson, ViolentCrime) VALUES (151, 2017, 0, 0, 1, 2, 50, 14, 33, 3, 0, 3);"
152,Pierce Township,0,2,1,2,151,28,118,5,3,5,"INSERT INTO Crimes (CityId, Year, Murder, Rape, Robbery, AggravatedAssault, PropertyCrime, Burglary, Larceny, MotorVehicleTheft, Arson, ViolentCrime) VALUES (152, 2017, 0, 2, 1, 2, 151, 28, 118, 5, 3, 5);"
153,Liberty Township,0,2,5,23,148,32,102,14,0,30,"INSERT INTO Crimes (CityId, Year, Murder, Rape, Robbery, AggravatedAssault, PropertyCrime, Burglary, Larceny, MotorVehicleTheft, Arson, ViolentCrime) VALUES (153, 2017, 0, 2, 5, 23, 148, 32, 102, 14, 0, 30);"
154,Bainbridge Township,0,0,0,1,243,5,238,0,0,1,"INSERT INTO Crimes (CityId, Year, Murder, Rape, Robbery, AggravatedAssault, PropertyCrime, Burglary, Larceny, MotorVehicleTheft, Arson, ViolentCrime) VALUES (154, 2017, 0, 0, 0, 1, 243, 5, 238, 0, 0, 1);"
155,Urbana,1,3,5,16,404,62,329,13,3,25,"INSERT INTO Crimes (CityId, Year, Murder, Rape, Robbery, AggravatedAssault, PropertyCrime, Burglary, Larceny, MotorVehicleTheft, Arson, ViolentCrime) VALUES (155, 2017, 1, 3, 5, 16, 404, 62, 329, 13, 3, 25);"
156,Harrison,1,0,5,0,182,16,157,9,0,6,"INSERT INTO Crimes (CityId, Year, Murder, Rape, Robbery, AggravatedAssault, PropertyCrime, Burglary, Larceny, MotorVehicleTheft, Arson, ViolentCrime) VALUES (156, 2017, 1, 0, 5, 0, 182, 16, 157, 9, 0, 6);"
157,Sagamore Hills,0,0,0,0,35,7,27,1,0,0,"INSERT INTO Crimes (CityId, Year, Murder, Rape, Robbery, AggravatedAssault, PropertyCrime, Burglary, Larceny, MotorVehicleTheft, Arson, ViolentCrime) VALUES (157, 2017, 0, 0, 0, 0, 35, 7, 27, 1, 0, 0);"
158,Ironton,0,2,5,8,249,65,169,15,1,15,"INSERT INTO Crimes (CityId, Year, Murder, Rape, Robbery, AggravatedAssault, PropertyCrime, Burglary, Larceny, MotorVehicleTheft, Arson, ViolentCrime) VALUES (158, 2017, 0, 2, 5, 8, 249, 65, 169, 15, 1, 15);"
159,New Albany,0,2,0,2,92,6,82,4,0,4,"INSERT INTO Crimes (CityId, Year, Murder, Rape, Robbery, AggravatedAssault, PropertyCrime, Burglary, Larceny, MotorVehicleTheft, Arson, ViolentCrime) VALUES (159, 2017, 0, 2, 0, 2, 92, 6, 82, 4, 0, 4);"
160,Brooklyn,1,,11,6,677,31,612,34,0,,"INSERT INTO Crimes (CityId, Year, Murder, Rape, Robbery, AggravatedAssault, PropertyCrime, Burglary, Larceny, MotorVehicleTheft, Arson, ViolentCrime) VALUES (160, 2017, 1, 0, 11, 6, 677, 31, 612, 34, 0, 0);"
161,Van Wert,1,7,3,11,330,56,268,6,0,22,"INSERT INTO Crimes (CityId, Year, Murder, Rape, Robbery, AggravatedAssault, PropertyCrime, Burglary, Larceny, MotorVehicleTheft, Arson, ViolentCrime) VALUES (161, 2017, 1, 7, 3, 11, 330, 56, 268, 6, 0, 22);"
162,Heath,0,7,2,14,598,77,493,28,0,23,"INSERT INTO Crimes (CityId, Year, Murder, Rape, Robbery, AggravatedAssault, PropertyCrime, Burglary, Larceny, MotorVehicleTheft, Arson, ViolentCrime) VALUES (162, 2017, 0, 7, 2, 14, 598, 77, 493, 28, 0, 23);"
163,Montgomery,0,2,1,1,152,8,139,5,0,4,"INSERT INTO Crimes (CityId, Year, Murder, Rape, Robbery, AggravatedAssault, PropertyCrime, Burglary, Larceny, MotorVehicleTheft, Arson, ViolentCrime) VALUES (163, 2017, 0, 2, 1, 1, 152, 8, 139, 5, 0, 4);"
164,Bedford Heights,1,,9,11,255,32,173,50,0,,"INSERT INTO Crimes (CityId, Year, Murder, Rape, Robbery, AggravatedAssault, PropertyCrime, Burglary, Larceny, MotorVehicleTheft, Arson, ViolentCrime) VALUES (164, 2017, 1, 0, 9, 11, 255, 32, 173, 50, 0, 0);"
165,Richmond Heights,0,0,12,7,206,37,146,23,0,19,"INSERT INTO Crimes (CityId, Year, Murder, Rape, Robbery, AggravatedAssault, PropertyCrime, Burglary, Larceny, MotorVehicleTheft, Arson, ViolentCrime) VALUES (165, 2017, 0, 0, 12, 7, 206, 37, 146, 23, 0, 19);"
166,Cambridge,1,,3,3,456,75,375,6,1,,"INSERT INTO Crimes (CityId, Year, Murder, Rape, Robbery, AggravatedAssault, PropertyCrime, Burglary, Larceny, MotorVehicleTheft, Arson, ViolentCrime) VALUES (166, 2017, 1, 0, 3, 3, 456, 75, 375, 6, 1, 0);"
167,Vermilion,0,1,0,2,95,14,80,1,0,3,"INSERT INTO Crimes (CityId, Year, Murder, Rape, Robbery, AggravatedAssault, PropertyCrime, Burglary, Larceny, MotorVehicleTheft, Arson, ViolentCrime) VALUES (167, 2017, 0, 1, 0, 2, 95, 14, 80, 1, 0, 3);"
168,Chester Township,0,0,0,0,8,1,7,0,0,0,"INSERT INTO Crimes (CityId, Year, Murder, Rape, Robbery, AggravatedAssault, PropertyCrime, Burglary, Larceny, MotorVehicleTheft, Arson, ViolentCrime) VALUES (168, 2017, 0, 0, 0, 0, 8, 1, 7, 0, 0, 0);"
169,Brimfield Township,0,1,2,4,291,28,254,9,0,7,"INSERT INTO Crimes (CityId, Year, Murder, Rape, Robbery, AggravatedAssault, PropertyCrime, Burglary, Larceny, MotorVehicleTheft, Arson, ViolentCrime) VALUES (169, 2017, 0, 1, 2, 4, 291, 28, 254, 9, 0, 7);"
170,Brunswick Hills Township,0,1,0,1,40,11,27,2,0,2,"INSERT INTO Crimes (CityId, Year, Murder, Rape, Robbery, AggravatedAssault, PropertyCrime, Burglary, Larceny, MotorVehicleTheft, Arson, ViolentCrime) VALUES (170, 2017, 0, 1, 0, 1, 40, 11, 27, 2, 0, 2);"
171,Reading,1,4,7,16,291,52,232,7,0,28,"INSERT INTO Crimes (CityId, Year, Murder, Rape, Robbery, AggravatedAssault, PropertyCrime, Burglary, Larceny, MotorVehicleTheft, Arson, ViolentCrime) VALUES (171, 2017, 1, 4, 7, 16, 291, 52, 232, 7, 0, 28);"
172,Struthers,0,1,4,10,216,58,148,10,0,15,"INSERT INTO Crimes (CityId, Year, Murder, Rape, Robbery, AggravatedAssault, PropertyCrime, Burglary, Larceny, MotorVehicleTheft, Arson, ViolentCrime) VALUES (172, 2017, 0, 1, 4, 10, 216, 58, 148, 10, 0, 15);"
173,London,0,2,2,10,254,52,189,13,1,14,"INSERT INTO Crimes (CityId, Year, Murder, Rape, Robbery, AggravatedAssault, PropertyCrime, Burglary, Larceny, MotorVehicleTheft, Arson, ViolentCrime) VALUES (173, 2017, 0, 2, 2, 10, 254, 52, 189, 13, 1, 14);"
174,Galion,0,7,0,5,285,51,229,5,2,12,"INSERT INTO Crimes (CityId, Year, Murder, Rape, Robbery, AggravatedAssault, PropertyCrime, Burglary, Larceny, MotorVehicleTheft, Arson, ViolentCrime) VALUES (174, 2017, 0, 7, 0, 5, 285, 51, 229, 5, 2, 12);"
175,Tipp City,0,4,0,0,140,11,119,10,4,4,"INSERT INTO Crimes (CityId, Year, Murder, Rape, Robbery, AggravatedAssault, PropertyCrime, Burglary, Larceny, MotorVehicleTheft, Arson, ViolentCrime) VALUES (175, 2017, 0, 4, 0, 0, 140, 11, 119, 10, 4, 4);"
176,Wapakoneta,0,6,3,5,164,25,137,2,1,14,"INSERT INTO Crimes (CityId, Year, Murder, Rape, Robbery, AggravatedAssault, PropertyCrime, Burglary, Larceny, MotorVehicleTheft, Arson, ViolentCrime) VALUES (176, 2017, 0, 6, 3, 5, 164, 25, 137, 2, 1, 14);"
177,"Bath Township, Summit County",0,2,3,4,116,14,100,2,0,9,"INSERT INTO Crimes (CityId, Year, Murder, Rape, Robbery, AggravatedAssault, PropertyCrime, Burglary, Larceny, MotorVehicleTheft, Arson, ViolentCrime) VALUES (177, 2017, 0, 2, 3, 4, 116, 14, 100, 2, 0, 9);"
178,Louisville,0,0,0,2,123,22,98,3,1,2,"INSERT INTO Crimes (CityId, Year, Murder, Rape, Robbery, AggravatedAssault, PropertyCrime, Burglary, Larceny, MotorVehicleTheft, Arson, ViolentCrime) VALUES (178, 2017, 0, 0, 0, 2, 123, 22, 98, 3, 1, 2);"
179,North College Hill,1,8,17,18,310,48,236,26,3,44,"INSERT INTO Crimes (CityId, Year, Murder, Rape, Robbery, AggravatedAssault, PropertyCrime, Burglary, Larceny, MotorVehicleTheft, Arson, ViolentCrime) VALUES (179, 2017, 1, 8, 17, 18, 310, 48, 236, 26, 3, 44);"
180,Shelby,0,9,0,2,262,54,205,3,1,11,"INSERT INTO Crimes (CityId, Year, Murder, Rape, Robbery, AggravatedAssault, PropertyCrime, Burglary, Larceny, MotorVehicleTheft, Arson, ViolentCrime) VALUES (180, 2017, 0, 9, 0, 2, 262, 54, 205, 3, 1, 11);"
181,Sheffield Lake,0,5,2,0,115,23,84,8,0,7,"INSERT INTO Crimes (CityId, Year, Murder, Rape, Robbery, AggravatedAssault, PropertyCrime, Burglary, Larceny, MotorVehicleTheft, Arson, ViolentCrime) VALUES (181, 2017, 0, 5, 2, 0, 115, 23, 84, 8, 0, 7);"
182,Medina Township,0,1,0,4,109,3,101,5,0,5,"INSERT INTO Crimes (CityId, Year, Murder, Rape, Robbery, AggravatedAssault, PropertyCrime, Burglary, Larceny, MotorVehicleTheft, Arson, ViolentCrime) VALUES (182, 2017, 0, 1, 0, 4, 109, 3, 101, 5, 0, 5);"
183,Olmsted Falls,0,1,1,1,31,9,19,3,0,3,"INSERT INTO Crimes (CityId, Year, Murder, Rape, Robbery, AggravatedAssault, PropertyCrime, Burglary, Larceny, MotorVehicleTheft, Arson, ViolentCrime) VALUES (183, 2017, 0, 1, 1, 1, 31, 9, 19, 3, 0, 3);"
184,Ross Township,0,3,1,12,82,27,52,3,0,16,"INSERT INTO Crimes (CityId, Year, Murder, Rape, Robbery, AggravatedAssault, PropertyCrime, Burglary, Larceny, MotorVehicleTheft, Arson, ViolentCrime) VALUES (184, 2017, 0, 3, 1, 12, 82, 27, 52, 3, 0, 16);"
185,Wyoming,0,0,3,0,85,15,68,2,0,3,"INSERT INTO Crimes (CityId, Year, Murder, Rape, Robbery, AggravatedAssault, PropertyCrime, Burglary, Larceny, MotorVehicleTheft, Arson, ViolentCrime) VALUES (185, 2017, 0, 0, 3, 0, 85, 15, 68, 2, 0, 3);"
186,Orrville,0,6,0,9,107,17,84,6,0,15,"INSERT INTO Crimes (CityId, Year, Murder, Rape, Robbery, AggravatedAssault, PropertyCrime, Burglary, Larceny, MotorVehicleTheft, Arson, ViolentCrime) VALUES (186, 2017, 0, 6, 0, 9, 107, 17, 84, 6, 0, 15);"
187,Highland Heights,0,,2,4,132,9,119,4,0,,"INSERT INTO Crimes (CityId, Year, Murder, Rape, Robbery, AggravatedAssault, PropertyCrime, Burglary, Larceny, MotorVehicleTheft, Arson, ViolentCrime) VALUES (187, 2017, 0, 0, 2, 4, 132, 9, 119, 4, 0, 0);"
188,Napoleon,0,2,4,7,177,27,147,3,0,13,"INSERT INTO Crimes (CityId, Year, Murder, Rape, Robbery, AggravatedAssault, PropertyCrime, Burglary, Larceny, MotorVehicleTheft, Arson, ViolentCrime) VALUES (188, 2017, 0, 2, 4, 7, 177, 27, 147, 3, 0, 13);"
189,Oberlin,0,6,0,7,171,33,136,2,1,13,"INSERT INTO Crimes (CityId, Year, Murder, Rape, Robbery, AggravatedAssault, PropertyCrime, Burglary, Larceny, MotorVehicleTheft, Arson, ViolentCrime) VALUES (189, 2017, 0, 6, 0, 7, 171, 33, 136, 2, 1, 13);"
190,Sugarcreek Township,0,3,0,1,181,14,162,5,0,4,"INSERT INTO Crimes (CityId, Year, Murder, Rape, Robbery, AggravatedAssault, PropertyCrime, Burglary, Larceny, MotorVehicleTheft, Arson, ViolentCrime) VALUES (190, 2017, 0, 3, 0, 1, 181, 14, 162, 5, 0, 4);"
191,Lawrence Township,2,2,0,5,85,31,48,6,0,9,"INSERT INTO Crimes (CityId, Year, Murder, Rape, Robbery, AggravatedAssault, PropertyCrime, Burglary, Larceny, MotorVehicleTheft, Arson, ViolentCrime) VALUES (191, 2017, 2, 2, 0, 5, 85, 31, 48, 6, 0, 9);"
192,Cheviot,0,1,9,5,231,33,177,21,0,15,"INSERT INTO Crimes (CityId, Year, Murder, Rape, Robbery, AggravatedAssault, PropertyCrime, Burglary, Larceny, MotorVehicleTheft, Arson, ViolentCrime) VALUES (192, 2017, 0, 1, 9, 5, 231, 33, 177, 21, 0, 15);"
193,St. Marys,0,0,1,2,129,34,89,6,2,3,"INSERT INTO Crimes (CityId, Year, Murder, Rape, Robbery, AggravatedAssault, PropertyCrime, Burglary, Larceny, MotorVehicleTheft, Arson, ViolentCrime) VALUES (193, 2017, 0, 0, 1, 2, 129, 34, 89, 6, 2, 3);"
194,Kenton,0,5,0,4,382,84,285,13,3,9,"INSERT INTO Crimes (CityId, Year, Murder, Rape, Robbery, AggravatedAssault, PropertyCrime, Burglary, Larceny, MotorVehicleTheft, Arson, ViolentCrime) VALUES (194, 2017, 0, 5, 0, 4, 382, 84, 285, 13, 3, 9);"
195,Hinckley Township,0,0,0,1,17,3,13,1,0,1,"INSERT INTO Crimes (CityId, Year, Murder, Rape, Robbery, AggravatedAssault, PropertyCrime, Burglary, Larceny, MotorVehicleTheft, Arson, ViolentCrime) VALUES (195, 2017, 0, 0, 0, 1, 17, 3, 13, 1, 0, 1);"
196,Campbell,0,0,2,7,50,19,25,6,0,9,"INSERT INTO Crimes (CityId, Year, Murder, Rape, Robbery, AggravatedAssault, PropertyCrime, Burglary, Larceny, MotorVehicleTheft, Arson, ViolentCrime) VALUES (196, 2017, 0, 0, 2, 7, 50, 19, 25, 6, 0, 9);"
197,Butler Township,0,5,9,10,425,29,372,24,2,24,"INSERT INTO Crimes (CityId, Year, Murder, Rape, Robbery, AggravatedAssault, PropertyCrime, Burglary, Larceny, MotorVehicleTheft, Arson, ViolentCrime) VALUES (197, 2017, 0, 5, 9, 10, 425, 29, 372, 24, 2, 24);"
198,St. Clair Township,0,0,0,0,26,0,26,0,0,0,"INSERT INTO Crimes (CityId, Year, Murder, Rape, Robbery, AggravatedAssault, PropertyCrime, Burglary, Larceny, MotorVehicleTheft, Arson, ViolentCrime) VALUES (198, 2017, 0, 0, 0, 0, 26, 0, 26, 0, 0, 0);"
199,Hubbard,0,3,0,5,110,10,99,1,2,8,"INSERT INTO Crimes (CityId, Year, Murder, Rape, Robbery, AggravatedAssault, PropertyCrime, Burglary, Larceny, MotorVehicleTheft, Arson, ViolentCrime) VALUES (199, 2017, 0, 3, 0, 5, 110, 10, 99, 1, 2, 8);"
200,Wauseon,0,1,1,8,169,14,151,4,0,10,"INSERT INTO Crimes (CityId, Year, Murder, Rape, Robbery, AggravatedAssault, PropertyCrime, Burglary, Larceny, MotorVehicleTheft, Arson, ViolentCrime) VALUES (200, 2017, 0, 1, 1, 8, 169, 14, 151, 4, 0, 10);"
201,Mentor-on-the-Lake,0,0,1,8,81,14,61,6,0,9,"INSERT INTO Crimes (CityId, Year, Murder, Rape, Robbery, AggravatedAssault, PropertyCrime, Burglary, Larceny, MotorVehicleTheft, Arson, ViolentCrime) VALUES (201, 2017, 0, 0, 1, 8, 81, 14, 61, 6, 0, 9);"
202,Canfield,0,1,0,2,46,10,36,0,2,3,"INSERT INTO Crimes (CityId, Year, Murder, Rape, Robbery, AggravatedAssault, PropertyCrime, Burglary, Larceny, MotorVehicleTheft, Arson, ViolentCrime) VALUES (202, 2017, 0, 1, 0, 2, 46, 10, 36, 0, 2, 3);"
203,Bellbrook,0,1,0,4,39,0,39,0,0,5,"INSERT INTO Crimes (CityId, Year, Murder, Rape, Robbery, AggravatedAssault, PropertyCrime, Burglary, Larceny, MotorVehicleTheft, Arson, ViolentCrime) VALUES (203, 2017, 0, 1, 0, 4, 39, 0, 39, 0, 0, 5);"
204,Independence,0,1,1,1,129,4,123,2,0,3,"INSERT INTO Crimes (CityId, Year, Murder, Rape, Robbery, AggravatedAssault, PropertyCrime, Burglary, Larceny, MotorVehicleTheft, Arson, ViolentCrime) VALUES (204, 2017, 0, 1, 1, 1, 129, 4, 123, 2, 0, 3);"
205,Logan,0,5,3,10,289,21,254,14,2,18,"INSERT INTO Crimes (CityId, Year, Murder, Rape, Robbery, AggravatedAssault, PropertyCrime, Burglary, Larceny, MotorVehicleTheft, Arson, ViolentCrime) VALUES (205, 2017, 0, 5, 3, 10, 289, 21, 254, 14, 2, 18);"
206,Delphos,0,,0,0,159,30,128,1,0,,"INSERT INTO Crimes (CityId, Year, Murder, Rape, Robbery, AggravatedAssault, PropertyCrime, Burglary, Larceny, MotorVehicleTheft, Arson, ViolentCrime) VALUES (206, 2017, 0, 0, 0, 0, 159, 30, 128, 1, 0, 0);"
207,Huron,0,1,1,2,116,24,92,0,0,4,"INSERT INTO Crimes (CityId, Year, Murder, Rape, Robbery, AggravatedAssault, PropertyCrime, Burglary, Larceny, MotorVehicleTheft, Arson, ViolentCrime) VALUES (207, 2017, 0, 1, 1, 2, 116, 24, 92, 0, 0, 4);"
208,Milford,0,4,1,9,192,22,159,11,0,14,"INSERT INTO Crimes (CityId, Year, Murder, Rape, Robbery, AggravatedAssault, PropertyCrime, Burglary, Larceny, MotorVehicleTheft, Arson, ViolentCrime) VALUES (208, 2017, 0, 4, 1, 9, 192, 22, 159, 11, 0, 14);"
209,Cortland,0,0,1,0,46,6,39,1,0,1,"INSERT INTO Crimes (CityId, Year, Murder, Rape, Robbery, AggravatedAssault, PropertyCrime, Burglary, Larceny, MotorVehicleTheft, Arson, ViolentCrime) VALUES (209, 2017, 0, 0, 1, 0, 46, 6, 39, 1, 0, 1);"
210,Kirtland,0,0,0,1,18,5,13,0,0,1,"INSERT INTO Crimes (CityId, Year, Murder, Rape, Robbery, AggravatedAssault, PropertyCrime, Burglary, Larceny, MotorVehicleTheft, Arson, ViolentCrime) VALUES (210, 2017, 0, 0, 0, 1, 18, 5, 13, 0, 0, 1);"
211,Martins Ferry,0,6,0,7,70,12,52,6,0,13,"INSERT INTO Crimes (CityId, Year, Murder, Rape, Robbery, AggravatedAssault, PropertyCrime, Burglary, Larceny, MotorVehicleTheft, Arson, ViolentCrime) VALUES (211, 2017, 0, 6, 0, 7, 70, 12, 52, 6, 0, 13);"
212,Rittman,0,3,2,4,109,36,65,8,1,9,"INSERT INTO Crimes (CityId, Year, Murder, Rape, Robbery, AggravatedAssault, PropertyCrime, Burglary, Larceny, MotorVehicleTheft, Arson, ViolentCrime) VALUES (212, 2017, 0, 3, 2, 4, 109, 36, 65, 8, 1, 9);"
213,Hillsboro,0,7,1,1,168,23,134,11,1,9,"INSERT INTO Crimes (CityId, Year, Murder, Rape, Robbery, AggravatedAssault, PropertyCrime, Burglary, Larceny, MotorVehicleTheft, Arson, ViolentCrime) VALUES (213, 2017, 0, 7, 1, 1, 168, 23, 134, 11, 1, 9);"
214,Upper Sandusky,0,4,0,11,159,30,126,3,1,15,"INSERT INTO Crimes (CityId, Year, Murder, Rape, Robbery, AggravatedAssault, PropertyCrime, Burglary, Larceny, MotorVehicleTheft, Arson, ViolentCrime) VALUES (214, 2017, 0, 4, 0, 11, 159, 30, 126, 3, 1, 15);"
215,Belpre,0,0,0,2,76,15,56,5,0,2,"INSERT INTO Crimes (CityId, Year, Murder, Rape, Robbery, AggravatedAssault, PropertyCrime, Burglary, Larceny, MotorVehicleTheft, Arson, ViolentCrime) VALUES (215, 2017, 0, 0, 0, 2, 76, 15, 56, 5, 0, 2);"
216,Beaver Township,0,1,0,1,102,23,74,5,1,2,"INSERT INTO Crimes (CityId, Year, Murder, Rape, Robbery, AggravatedAssault, PropertyCrime, Burglary, Larceny, MotorVehicleTheft, Arson, ViolentCrime) VALUES (216, 2017, 0, 1, 0, 1, 102, 23, 74, 5, 1, 2);"
217,"Springfield Township, Mahoning County",0,2,0,5,55,17,34,4,1,7,"INSERT INTO Crimes (CityId, Year, Murder, Rape, Robbery, AggravatedAssault, PropertyCrime, Burglary, Larceny, MotorVehicleTheft, Arson, ViolentCrime) VALUES (217, 2017, 0, 2, 0, 5, 55, 17, 34, 4, 1, 7);"
218,Jackson,0,2,2,5,141,12,126,3,0,9,"INSERT INTO Crimes (CityId, Year, Murder, Rape, Robbery, AggravatedAssault, PropertyCrime, Burglary, Larceny, MotorVehicleTheft, Arson, ViolentCrime) VALUES (218, 2017, 0, 2, 2, 5, 141, 12, 126, 3, 0, 9);"
219,Pepper Pike,1,1,0,1,42,10,32,0,0,3,"INSERT INTO Crimes (CityId, Year, Murder, Rape, Robbery, AggravatedAssault, PropertyCrime, Burglary, Larceny, MotorVehicleTheft, Arson, ViolentCrime) VALUES (219, 2017, 1, 1, 0, 1, 42, 10, 32, 0, 0, 3);"
220,Columbiana,0,1,1,1,37,3,34,0,0,3,"INSERT INTO Crimes (CityId, Year, Murder, Rape, Robbery, AggravatedAssault, PropertyCrime, Burglary, Larceny, MotorVehicleTheft, Arson, ViolentCrime) VALUES (220, 2017, 0, 1, 1, 1, 37, 3, 34, 0, 0, 3);"
221,Clyde,0,0,0,4,116,21,92,3,1,4,"INSERT INTO Crimes (CityId, Year, Murder, Rape, Robbery, AggravatedAssault, PropertyCrime, Burglary, Larceny, MotorVehicleTheft, Arson, ViolentCrime) VALUES (221, 2017, 0, 0, 0, 4, 116, 21, 92, 3, 1, 4);"
222,Grafton,0,1,0,0,40,16,24,0,0,1,"INSERT INTO Crimes (CityId, Year, Murder, Rape, Robbery, AggravatedAssault, PropertyCrime, Burglary, Larceny, MotorVehicleTheft, Arson, ViolentCrime) VALUES (222, 2017, 0, 1, 0, 0, 40, 16, 24, 0, 0, 1);"
223,Ontario,0,0,7,1,328,7,320,1,0,8,"INSERT INTO Crimes (CityId, Year, Murder, Rape, Robbery, AggravatedAssault, PropertyCrime, Burglary, Larceny, MotorVehicleTheft, Arson, ViolentCrime) VALUES (223, 2017, 0, 0, 7, 1, 328, 7, 320, 1, 0, 8);"
224,Willard,0,0,4,3,288,59,218,11,0,7,"INSERT INTO Crimes (CityId, Year, Murder, Rape, Robbery, AggravatedAssault, PropertyCrime, Burglary, Larceny, MotorVehicleTheft, Arson, ViolentCrime) VALUES (224, 2017, 0, 0, 4, 3, 288, 59, 218, 11, 0, 7);"
225,Mount Healthy,0,6,10,13,249,56,170,23,1,29,"INSERT INTO Crimes (CityId, Year, Murder, Rape, Robbery, AggravatedAssault, PropertyCrime, Burglary, Larceny, MotorVehicleTheft, Arson, ViolentCrime) VALUES (225, 2017, 0, 6, 10, 13, 249, 56, 170, 23, 1, 29);"
226,Port Clinton,0,12,3,6,170,31,126,13,0,21,"INSERT INTO Crimes (CityId, Year, Murder, Rape, Robbery, AggravatedAssault, PropertyCrime, Burglary, Larceny, MotorVehicleTheft, Arson, ViolentCrime) VALUES (226, 2017, 0, 12, 3, 6, 170, 31, 126, 13, 0, 21);"
227,Brookville,0,,3,0,67,15,47,5,0,,"INSERT INTO Crimes (CityId, Year, Murder, Rape, Robbery, AggravatedAssault, PropertyCrime, Burglary, Larceny, MotorVehicleTheft, Arson, ViolentCrime) VALUES (227, 2017, 0, 0, 3, 0, 67, 15, 47, 5, 0, 0);"
228,Indian Hill,0,2,0,0,43,5,35,3,0,2,"INSERT INTO Crimes (CityId, Year, Murder, Rape, Robbery, AggravatedAssault, PropertyCrime, Burglary, Larceny, MotorVehicleTheft, Arson, ViolentCrime) VALUES (228, 2017, 0, 2, 0, 0, 43, 5, 35, 3, 0, 2);"
229,Granville,0,0,0,0,39,5,32,2,0,0,"INSERT INTO Crimes (CityId, Year, Murder, Rape, Robbery, AggravatedAssault, PropertyCrime, Burglary, Larceny, MotorVehicleTheft, Arson, ViolentCrime) VALUES (229, 2017, 0, 0, 0, 0, 39, 5, 32, 2, 0, 0);"
230,Deer Park,0,1,0,5,51,4,44,3,0,6,"INSERT INTO Crimes (CityId, Year, Murder, Rape, Robbery, AggravatedAssault, PropertyCrime, Burglary, Larceny, MotorVehicleTheft, Arson, ViolentCrime) VALUES (230, 2017, 0, 1, 0, 5, 51, 4, 44, 3, 0, 6);"
231,Bazetta Township,0,1,0,5,127,18,109,0,0,6,"INSERT INTO Crimes (CityId, Year, Murder, Rape, Robbery, AggravatedAssault, PropertyCrime, Burglary, Larceny, MotorVehicleTheft, Arson, ViolentCrime) VALUES (231, 2017, 0, 1, 0, 5, 127, 18, 109, 0, 0, 6);"
232,Groveport,0,3,6,3,185,29,144,12,1,12,"INSERT INTO Crimes (CityId, Year, Murder, Rape, Robbery, AggravatedAssault, PropertyCrime, Burglary, Larceny, MotorVehicleTheft, Arson, ViolentCrime) VALUES (232, 2017, 0, 3, 6, 3, 185, 29, 144, 12, 1, 12);"
233,Ada,0,2,0,0,30,5,24,1,0,2,"INSERT INTO Crimes (CityId, Year, Murder, Rape, Robbery, AggravatedAssault, PropertyCrime, Burglary, Larceny, MotorVehicleTheft, Arson, ViolentCrime) VALUES (233, 2017, 0, 2, 0, 0, 30, 5, 24, 1, 0, 2);"
234,Wellston,0,2,1,8,89,21,63,5,0,11,"INSERT INTO Crimes (CityId, Year, Murder, Rape, Robbery, AggravatedAssault, PropertyCrime, Burglary, Larceny, MotorVehicleTheft, Arson, ViolentCrime) VALUES (234, 2017, 0, 2, 1, 8, 89, 21, 63, 5, 0, 11);"
235,Waterville,0,0,0,1,25,3,22,0,0,1,"INSERT INTO Crimes (CityId, Year, Murder, Rape, Robbery, AggravatedAssault, PropertyCrime, Burglary, Larceny, MotorVehicleTheft, Arson, ViolentCrime) VALUES (235, 2017, 0, 0, 0, 1, 25, 3, 22, 0, 0, 1);"
236,Germantown,0,2,1,1,68,15,49,4,0,4,"INSERT INTO Crimes (CityId, Year, Murder, Rape, Robbery, AggravatedAssault, PropertyCrime, Burglary, Larceny, MotorVehicleTheft, Arson, ViolentCrime) VALUES (236, 2017, 0, 2, 1, 1, 68, 15, 49, 4, 0, 4);"
237,Canal Fulton,0,1,0,1,75,26,47,2,0,2,"INSERT INTO Crimes (CityId, Year, Murder, Rape, Robbery, AggravatedAssault, PropertyCrime, Burglary, Larceny, MotorVehicleTheft, Arson, ViolentCrime) VALUES (237, 2017, 0, 1, 0, 1, 75, 26, 47, 2, 0, 2);"
238,Carlisle,0,1,0,2,44,11,33,0,0,3,"INSERT INTO Crimes (CityId, Year, Murder, Rape, Robbery, AggravatedAssault, PropertyCrime, Burglary, Larceny, MotorVehicleTheft, Arson, ViolentCrime) VALUES (238, 2017, 0, 1, 0, 2, 44, 11, 33, 0, 0, 3);"
239,Hubbard Township,0,3,1,3,93,21,65,7,0,7,"INSERT INTO Crimes (CityId, Year, Murder, Rape, Robbery, AggravatedAssault, PropertyCrime, Burglary, Larceny, MotorVehicleTheft, Arson, ViolentCrime) VALUES (239, 2017, 0, 3, 1, 3, 93, 21, 65, 7, 0, 7);"
240,Uhrichsville,0,3,1,1,48,7,30,11,0,5,"INSERT INTO Crimes (CityId, Year, Murder, Rape, Robbery, AggravatedAssault, PropertyCrime, Burglary, Larceny, MotorVehicleTheft, Arson, ViolentCrime) VALUES (240, 2017, 0, 3, 1, 1, 48, 7, 30, 11, 0, 5);"
241,Nelsonville,0,2,4,7,152,32,114,6,0,13,"INSERT INTO Crimes (CityId, Year, Murder, Rape, Robbery, AggravatedAssault, PropertyCrime, Burglary, Larceny, MotorVehicleTheft, Arson, ViolentCrime) VALUES (241, 2017, 0, 2, 4, 7, 152, 32, 114, 6, 0, 13);"
242,Warren Township,0,1,3,17,172,52,106,14,0,21,"INSERT INTO Crimes (CityId, Year, Murder, Rape, Robbery, AggravatedAssault, PropertyCrime, Burglary, Larceny, MotorVehicleTheft, Arson, ViolentCrime) VALUES (242, 2017, 0, 1, 3, 17, 172, 52, 106, 14, 0, 21);"
243,Russell Township,0,0,0,4,10,1,9,0,0,4,"INSERT INTO Crimes (CityId, Year, Murder, Rape, Robbery, AggravatedAssault, PropertyCrime, Burglary, Larceny, MotorVehicleTheft, Arson, ViolentCrime) VALUES (243, 2017, 0, 0, 0, 4, 10, 1, 9, 0, 0, 4);"
244,Chardon,0,,0,9,96,4,91,1,0,,"INSERT INTO Crimes (CityId, Year, Murder, Rape, Robbery, AggravatedAssault, PropertyCrime, Burglary, Larceny, MotorVehicleTheft, Arson, ViolentCrime) VALUES (244, 2017, 0, 0, 0, 9, 96, 4, 91, 1, 0, 0);"
245,St. Clairsville,0,0,0,1,9,1,8,0,0,1,"INSERT INTO Crimes (CityId, Year, Murder, Rape, Robbery, AggravatedAssault, PropertyCrime, Burglary, Larceny, MotorVehicleTheft, Arson, ViolentCrime) VALUES (245, 2017, 0, 0, 0, 1, 9, 1, 8, 0, 0, 1);"
246,Munroe Falls,0,0,0,1,39,7,32,0,0,1,"INSERT INTO Crimes (CityId, Year, Murder, Rape, Robbery, AggravatedAssault, PropertyCrime, Burglary, Larceny, MotorVehicleTheft, Arson, ViolentCrime) VALUES (246, 2017, 0, 0, 0, 1, 39, 7, 32, 0, 0, 1);"
247,Johnstown,0,1,0,1,63,4,56,3,0,2,"INSERT INTO Crimes (CityId, Year, Murder, Rape, Robbery, AggravatedAssault, PropertyCrime, Burglary, Larceny, MotorVehicleTheft, Arson, ViolentCrime) VALUES (247, 2017, 0, 1, 0, 1, 63, 4, 56, 3, 0, 2);"
248,Amelia,0,0,0,3,63,2,58,3,0,3,"INSERT INTO Crimes (CityId, Year, Murder, Rape, Robbery, AggravatedAssault, PropertyCrime, Burglary, Larceny, MotorVehicleTheft, Arson, ViolentCrime) VALUES (248, 2017, 0, 0, 0, 3, 63, 2, 58, 3, 0, 3);"
249,Toronto,0,1,0,13,20,4,15,1,0,14,"INSERT INTO Crimes (CityId, Year, Murder, Rape, Robbery, AggravatedAssault, PropertyCrime, Burglary, Larceny, MotorVehicleTheft, Arson, ViolentCrime) VALUES (249, 2017, 0, 1, 0, 13, 20, 4, 15, 1, 0, 14);"
250,New Lexington,0,6,1,4,134,14,112,8,1,11,"INSERT INTO Crimes (CityId, Year, Murder, Rape, Robbery, AggravatedAssault, PropertyCrime, Burglary, Larceny, MotorVehicleTheft, Arson, ViolentCrime) VALUES (250, 2017, 0, 6, 1, 4, 134, 14, 112, 8, 1, 11);"
251,Lexington,0,0,0,0,9,1,8,0,1,0,"INSERT INTO Crimes (CityId, Year, Murder, Rape, Robbery, AggravatedAssault, PropertyCrime, Burglary, Larceny, MotorVehicleTheft, Arson, ViolentCrime) VALUES (251, 2017, 0, 0, 0, 0, 9, 1, 8, 0, 1, 0);"
252,Greenfield,3,3,2,5,99,28,50,21,2,13,"INSERT INTO Crimes (CityId, Year, Murder, Rape, Robbery, AggravatedAssault, PropertyCrime, Burglary, Larceny, MotorVehicleTheft, Arson, ViolentCrime) VALUES (252, 2017, 3, 3, 2, 5, 99, 28, 50, 21, 2, 13);"
253,Newton Falls,0,4,0,6,100,18,76,6,0,10,"INSERT INTO Crimes (CityId, Year, Murder, Rape, Robbery, AggravatedAssault, PropertyCrime, Burglary, Larceny, MotorVehicleTheft, Arson, ViolentCrime) VALUES (253, 2017, 0, 4, 0, 6, 100, 18, 76, 6, 0, 10);"
254,Coldwater,0,3,0,0,53,6,47,0,0,3,"INSERT INTO Crimes (CityId, Year, Murder, Rape, Robbery, AggravatedAssault, PropertyCrime, Burglary, Larceny, MotorVehicleTheft, Arson, ViolentCrime) VALUES (254, 2017, 0, 3, 0, 0, 53, 6, 47, 0, 0, 3);"
255,East Palestine,0,2,1,8,82,22,58,2,1,11,"INSERT INTO Crimes (CityId, Year, Murder, Rape, Robbery, AggravatedAssault, PropertyCrime, Burglary, Larceny, MotorVehicleTheft, Arson, ViolentCrime) VALUES (255, 2017, 0, 2, 1, 8, 82, 22, 58, 2, 1, 11);"
256,Ottawa Hills,0,0,0,0,50,11,35,4,0,0,"INSERT INTO Crimes (CityId, Year, Murder, Rape, Robbery, AggravatedAssault, PropertyCrime, Burglary, Larceny, MotorVehicleTheft, Arson, ViolentCrime) VALUES (256, 2017, 0, 0, 0, 0, 50, 11, 35, 4, 0, 0);"
257,Crestline,0,6,3,2,69,24,40,5,0,11,"INSERT INTO Crimes (CityId, Year, Murder, Rape, Robbery, AggravatedAssault, PropertyCrime, Burglary, Larceny, MotorVehicleTheft, Arson, ViolentCrime) VALUES (257, 2017, 0, 6, 3, 2, 69, 24, 40, 5, 0, 11);"
258,Ottawa,0,2,0,4,14,0,13,1,0,6,"INSERT INTO Crimes (CityId, Year, Murder, Rape, Robbery, AggravatedAssault, PropertyCrime, Burglary, Larceny, MotorVehicleTheft, Arson, ViolentCrime) VALUES (258, 2017, 0, 2, 0, 4, 14, 0, 13, 1, 0, 6);"
259,"Perry Township, Columbiana County",0,0,0,0,3,2,1,0,0,0,"INSERT INTO Crimes (CityId, Year, Murder, Rape, Robbery, AggravatedAssault, PropertyCrime, Burglary, Larceny, MotorVehicleTheft, Arson, ViolentCrime) VALUES (259, 2017, 0, 0, 0, 0, 3, 2, 1, 0, 0, 0);"
260,Waverly,1,0,0,3,59,0,58,1,0,4,"INSERT INTO Crimes (CityId, Year, Murder, Rape, Robbery, AggravatedAssault, PropertyCrime, Burglary, Larceny, MotorVehicleTheft, Arson, ViolentCrime) VALUES (260, 2017, 1, 0, 0, 3, 59, 0, 58, 1, 0, 4);"
261,Georgetown,0,6,3,1,104,23,78,3,0,10,"INSERT INTO Crimes (CityId, Year, Murder, Rape, Robbery, AggravatedAssault, PropertyCrime, Burglary, Larceny, MotorVehicleTheft, Arson, ViolentCrime) VALUES (261, 2017, 0, 6, 3, 1, 104, 23, 78, 3, 0, 10);"
262,West Jefferson,0,0,0,2,58,5,51,2,0,2,"INSERT INTO Crimes (CityId, Year, Murder, Rape, Robbery, AggravatedAssault, PropertyCrime, Burglary, Larceny, MotorVehicleTheft, Arson, ViolentCrime) VALUES (262, 2017, 0, 0, 0, 2, 58, 5, 51, 2, 0, 2);"
263,Archbold,0,1,0,1,41,6,34,1,0,2,"INSERT INTO Crimes (CityId, Year, Murder, Rape, Robbery, AggravatedAssault, PropertyCrime, Burglary, Larceny, MotorVehicleTheft, Arson, ViolentCrime) VALUES (263, 2017, 0, 1, 0, 1, 41, 6, 34, 1, 0, 2);"
264,Blanchester,0,6,2,4,99,23,71,5,0,12,"INSERT INTO Crimes (CityId, Year, Murder, Rape, Robbery, AggravatedAssault, PropertyCrime, Burglary, Larceny, MotorVehicleTheft, Arson, ViolentCrime) VALUES (264, 2017, 0, 6, 2, 4, 99, 23, 71, 5, 0, 12);"
265,Reminderville,0,1,1,0,30,3,26,1,0,2,"INSERT INTO Crimes (CityId, Year, Murder, Rape, Robbery, AggravatedAssault, PropertyCrime, Burglary, Larceny, MotorVehicleTheft, Arson, ViolentCrime) VALUES (265, 2017, 0, 1, 1, 0, 30, 3, 26, 1, 0, 2);"
266,Sebring,0,4,0,7,111,14,92,5,0,11,"INSERT INTO Crimes (CityId, Year, Murder, Rape, Robbery, AggravatedAssault, PropertyCrime, Burglary, Larceny, MotorVehicleTheft, Arson, ViolentCrime) VALUES (266, 2017, 0, 4, 0, 7, 111, 14, 92, 5, 0, 11);"
267,Ashville,1,0,1,1,53,9,40,4,0,3,"INSERT INTO Crimes (CityId, Year, Murder, Rape, Robbery, AggravatedAssault, PropertyCrime, Burglary, Larceny, MotorVehicleTheft, Arson, ViolentCrime) VALUES (267, 2017, 1, 0, 1, 1, 53, 9, 40, 4, 0, 3);"
268,"Clay Township, Montgomery County",0,3,0,5,22,7,14,1,0,8,"INSERT INTO Crimes (CityId, Year, Murder, Rape, Robbery, AggravatedAssault, PropertyCrime, Burglary, Larceny, MotorVehicleTheft, Arson, ViolentCrime) VALUES (268, 2017, 0, 3, 0, 5, 22, 7, 14, 1, 0, 8);"
269,Bluffton,0,1,0,0,48,9,38,1,0,1,"INSERT INTO Crimes (CityId, Year, Murder, Rape, Robbery, AggravatedAssault, PropertyCrime, Burglary, Larceny, MotorVehicleTheft, Arson, ViolentCrime) VALUES (269, 2017, 0, 1, 0, 0, 48, 9, 38, 1, 0, 1);"
270,Bellaire,1,2,1,4,39,6,33,0,0,8,"INSERT INTO Crimes (CityId, Year, Murder, Rape, Robbery, AggravatedAssault, PropertyCrime, Burglary, Larceny, MotorVehicleTheft, Arson, ViolentCrime) VALUES (270, 2017, 1, 2, 1, 4, 39, 6, 33, 0, 0, 8);"
271,Barnesville,0,0,0,0,16,4,11,1,0,0,"INSERT INTO Crimes (CityId, Year, Murder, Rape, Robbery, AggravatedAssault, PropertyCrime, Burglary, Larceny, MotorVehicleTheft, Arson, ViolentCrime) VALUES (271, 2017, 0, 0, 0, 0, 16, 4, 11, 1, 0, 0);"
272,Chagrin Falls,0,1,0,1,39,3,36,0,0,2,"INSERT INTO Crimes (CityId, Year, Murder, Rape, Robbery, AggravatedAssault, PropertyCrime, Burglary, Larceny, MotorVehicleTheft, Arson, ViolentCrime) VALUES (272, 2017, 0, 1, 0, 1, 39, 3, 36, 0, 0, 2);"
273,Montpelier,0,5,1,21,139,28,105,6,0,27,"INSERT INTO Crimes (CityId, Year, Murder, Rape, Robbery, AggravatedAssault, PropertyCrime, Burglary, Larceny, MotorVehicleTheft, Arson, ViolentCrime) VALUES (273, 2017, 0, 5, 1, 21, 139, 28, 105, 6, 0, 27);"
274,New Lebanon,0,2,4,4,95,22,70,3,1,10,"INSERT INTO Crimes (CityId, Year, Murder, Rape, Robbery, AggravatedAssault, PropertyCrime, Burglary, Larceny, MotorVehicleTheft, Arson, ViolentCrime) VALUES (274, 2017, 0, 2, 4, 4, 95, 22, 70, 3, 1, 10);"
275,South Point,0,,0,1,42,8,31,3,0,,"INSERT INTO Crimes (CityId, Year, Murder, Rape, Robbery, AggravatedAssault, PropertyCrime, Burglary, Larceny, MotorVehicleTheft, Arson, ViolentCrime) VALUES (275, 2017, 0, 0, 0, 1, 42, 8, 31, 3, 0, 0);"
276,Swanton,0,4,0,1,52,8,40,4,0,5,"INSERT INTO Crimes (CityId, Year, Murder, Rape, Robbery, AggravatedAssault, PropertyCrime, Burglary, Larceny, MotorVehicleTheft, Arson, ViolentCrime) VALUES (276, 2017, 0, 4, 0, 1, 52, 8, 40, 4, 0, 5);"
277,Mogadore,0,,0,0,49,12,36,1,0,,"INSERT INTO Crimes (CityId, Year, Murder, Rape, Robbery, AggravatedAssault, PropertyCrime, Burglary, Larceny, MotorVehicleTheft, Arson, ViolentCrime) VALUES (277, 2017, 0, 0, 0, 0, 49, 12, 36, 1, 0, 0);"
278,South Russell,0,0,0,0,7,0,7,0,0,0,"INSERT INTO Crimes (CityId, Year, Murder, Rape, Robbery, AggravatedAssault, PropertyCrime, Burglary, Larceny, MotorVehicleTheft, Arson, ViolentCrime) VALUES (278, 2017, 0, 0, 0, 0, 7, 0, 7, 0, 0, 0);"
279,Newcomerstown,1,,1,1,69,13,50,6,0,,"INSERT INTO Crimes (CityId, Year, Murder, Rape, Robbery, AggravatedAssault, PropertyCrime, Burglary, Larceny, MotorVehicleTheft, Arson, ViolentCrime) VALUES (279, 2017, 1, 0, 1, 1, 69, 13, 50, 6, 0, 0);"
280,"Perry Township, Franklin County",0,0,1,1,53,4,47,2,0,2,"INSERT INTO Crimes (CityId, Year, Murder, Rape, Robbery, AggravatedAssault, PropertyCrime, Burglary, Larceny, MotorVehicleTheft, Arson, ViolentCrime) VALUES (280, 2017, 0, 0, 1, 1, 53, 4, 47, 2, 0, 2);"
281,Wintersville,0,1,1,0,68,8,58,2,0,2,"INSERT INTO Crimes (CityId, Year, Murder, Rape, Robbery, AggravatedAssault, PropertyCrime, Burglary, Larceny, MotorVehicleTheft, Arson, ViolentCrime) VALUES (281, 2017, 0, 1, 1, 0, 68, 8, 58, 2, 0, 2);"
282,Yellow Springs,0,4,4,3,72,20,47,5,0,11,"INSERT INTO Crimes (CityId, Year, Murder, Rape, Robbery, AggravatedAssault, PropertyCrime, Burglary, Larceny, MotorVehicleTheft, Arson, ViolentCrime) VALUES (282, 2017, 0, 4, 4, 3, 72, 20, 47, 5, 0, 11);"
283,Northfield,0,0,1,4,39,4,32,3,0,5,"INSERT INTO Crimes (CityId, Year, Murder, Rape, Robbery, AggravatedAssault, PropertyCrime, Burglary, Larceny, MotorVehicleTheft, Arson, ViolentCrime) VALUES (283, 2017, 0, 0, 1, 4, 39, 4, 32, 3, 0, 5);"
284,Minerva,0,0,0,2,36,7,26,3,0,2,"INSERT INTO Crimes (CityId, Year, Murder, Rape, Robbery, AggravatedAssault, PropertyCrime, Burglary, Larceny, MotorVehicleTheft, Arson, ViolentCrime) VALUES (284, 2017, 0, 0, 0, 2, 36, 7, 26, 3, 0, 2);"
285,Amberley Village,0,0,0,0,29,1,28,0,0,0,"INSERT INTO Crimes (CityId, Year, Murder, Rape, Robbery, AggravatedAssault, PropertyCrime, Burglary, Larceny, MotorVehicleTheft, Arson, ViolentCrime) VALUES (285, 2017, 0, 0, 0, 0, 29, 1, 28, 0, 0, 0);"
286,Greenhills,0,0,0,1,43,4,38,1,0,1,"INSERT INTO Crimes (CityId, Year, Murder, Rape, Robbery, AggravatedAssault, PropertyCrime, Burglary, Larceny, MotorVehicleTheft, Arson, ViolentCrime) VALUES (286, 2017, 0, 0, 0, 1, 43, 4, 38, 1, 0, 1);"
287,Carey,0,0,0,1,8,2,6,0,0,1,"INSERT INTO Crimes (CityId, Year, Murder, Rape, Robbery, AggravatedAssault, PropertyCrime, Burglary, Larceny, MotorVehicleTheft, Arson, ViolentCrime) VALUES (287, 2017, 0, 0, 0, 1, 8, 2, 6, 0, 0, 1);"
288,North Baltimore,0,2,0,8,46,9,36,1,0,10,"INSERT INTO Crimes (CityId, Year, Murder, Rape, Robbery, AggravatedAssault, PropertyCrime, Burglary, Larceny, MotorVehicleTheft, Arson, ViolentCrime) VALUES (288, 2017, 0, 2, 0, 8, 46, 9, 36, 1, 0, 10);"
289,Mount Orab,1,2,0,1,96,4,84,8,0,4,"INSERT INTO Crimes (CityId, Year, Murder, Rape, Robbery, AggravatedAssault, PropertyCrime, Burglary, Larceny, MotorVehicleTheft, Arson, ViolentCrime) VALUES (289, 2017, 1, 2, 0, 1, 96, 4, 84, 8, 0, 4);"
290,Mariemont,0,,0,0,41,5,34,2,0,,"INSERT INTO Crimes (CityId, Year, Murder, Rape, Robbery, AggravatedAssault, PropertyCrime, Burglary, Larceny, MotorVehicleTheft, Arson, ViolentCrime) VALUES (290, 2017, 0, 0, 0, 0, 41, 5, 34, 2, 0, 0);"
291,Gallipolis,1,4,2,8,291,62,220,9,1,15,"INSERT INTO Crimes (CityId, Year, Murder, Rape, Robbery, AggravatedAssault, PropertyCrime, Burglary, Larceny, MotorVehicleTheft, Arson, ViolentCrime) VALUES (291, 2017, 1, 4, 2, 8, 291, 62, 220, 9, 1, 15);"
292,Lockland,1,1,3,11,131,27,85,19,1,16,"INSERT INTO Crimes (CityId, Year, Murder, Rape, Robbery, AggravatedAssault, PropertyCrime, Burglary, Larceny, MotorVehicleTheft, Arson, ViolentCrime) VALUES (292, 2017, 1, 1, 3, 11, 131, 27, 85, 19, 1, 16);"
293,Uniontown,0,2,0,1,80,16,58,6,0,3,"INSERT INTO Crimes (CityId, Year, Murder, Rape, Robbery, AggravatedAssault, PropertyCrime, Burglary, Larceny, MotorVehicleTheft, Arson, ViolentCrime) VALUES (293, 2017, 0, 2, 0, 1, 80, 16, 58, 6, 0, 3);"
294,Moreland Hills,0,0,0,0,14,2,12,0,0,0,"INSERT INTO Crimes (CityId, Year, Murder, Rape, Robbery, AggravatedAssault, PropertyCrime, Burglary, Larceny, MotorVehicleTheft, Arson, ViolentCrime) VALUES (294, 2017, 0, 0, 0, 0, 14, 2, 12, 0, 0, 0);"
295,Woodlawn,0,0,4,8,129,4,120,5,0,12,"INSERT INTO Crimes (CityId, Year, Murder, Rape, Robbery, AggravatedAssault, PropertyCrime, Burglary, Larceny, MotorVehicleTheft, Arson, ViolentCrime) VALUES (295, 2017, 0, 0, 4, 8, 129, 4, 120, 5, 0, 12);"
296,Lordstown,0,1,0,2,44,10,31,3,1,3,"INSERT INTO Crimes (CityId, Year, Murder, Rape, Robbery, AggravatedAssault, PropertyCrime, Burglary, Larceny, MotorVehicleTheft, Arson, ViolentCrime) VALUES (296, 2017, 0, 1, 0, 2, 44, 10, 31, 3, 1, 3);"
297,Millersburg,0,1,0,0,104,3,100,1,0,1,"INSERT INTO Crimes (CityId, Year, Murder, Rape, Robbery, AggravatedAssault, PropertyCrime, Burglary, Larceny, MotorVehicleTheft, Arson, ViolentCrime) VALUES (297, 2017, 0, 1, 0, 0, 104, 3, 100, 1, 0, 1);"
298,West Union,0,0,0,6,19,1,13,5,0,6,"INSERT INTO Crimes (CityId, Year, Murder, Rape, Robbery, AggravatedAssault, PropertyCrime, Burglary, Larceny, MotorVehicleTheft, Arson, ViolentCrime) VALUES (298, 2017, 0, 0, 0, 6, 19, 1, 13, 5, 0, 6);"
299,"Goshen Township, Mahoning County",0,2,0,1,55,6,44,5,1,3,"INSERT INTO Crimes (CityId, Year, Murder, Rape, Robbery, AggravatedAssault, PropertyCrime, Burglary, Larceny, MotorVehicleTheft, Arson, ViolentCrime) VALUES (299, 2017, 0, 2, 0, 1, 55, 6, 44, 5, 1, 3);"
300,Hartville,0,0,0,2,78,1,77,0,1,2,"INSERT INTO Crimes (CityId, Year, Murder, Rape, Robbery, AggravatedAssault, PropertyCrime, Burglary, Larceny, MotorVehicleTheft, Arson, ViolentCrime) VALUES (300, 2017, 0, 0, 0, 2, 78, 1, 77, 0, 1, 2);"
301,Baltimore,0,0,0,0,15,3,11,1,1,0,"INSERT INTO Crimes (CityId, Year, Murder, Rape, Robbery, AggravatedAssault, PropertyCrime, Burglary, Larceny, MotorVehicleTheft, Arson, ViolentCrime) VALUES (301, 2017, 0, 0, 0, 0, 15, 3, 11, 1, 1, 0);"
302,"German Township, Montgomery County",0,0,0,2,20,7,11,2,0,2,"INSERT INTO Crimes (CityId, Year, Murder, Rape, Robbery, AggravatedAssault, PropertyCrime, Burglary, Larceny, MotorVehicleTheft, Arson, ViolentCrime) VALUES (302, 2017, 0, 0, 0, 2, 20, 7, 11, 2, 0, 2);"
303,Bethel,0,0,0,3,87,14,71,2,0,3,"INSERT INTO Crimes (CityId, Year, Murder, Rape, Robbery, AggravatedAssault, PropertyCrime, Burglary, Larceny, MotorVehicleTheft, Arson, ViolentCrime) VALUES (303, 2017, 0, 0, 0, 3, 87, 14, 71, 2, 0, 3);"
304,Evendale,0,0,1,8,233,8,218,7,0,9,"INSERT INTO Crimes (CityId, Year, Murder, Rape, Robbery, AggravatedAssault, PropertyCrime, Burglary, Larceny, MotorVehicleTheft, Arson, ViolentCrime) VALUES (304, 2017, 0, 0, 1, 8, 233, 8, 218, 7, 0, 9);"
305,Oak Harbor,0,1,0,0,36,8,28,0,0,1,"INSERT INTO Crimes (CityId, Year, Murder, Rape, Robbery, AggravatedAssault, PropertyCrime, Burglary, Larceny, MotorVehicleTheft, Arson, ViolentCrime) VALUES (305, 2017, 0, 1, 0, 0, 36, 8, 28, 0, 0, 1);"
306,Middlefield,0,,0,1,86,2,84,0,0,,"INSERT INTO Crimes (CityId, Year, Murder, Rape, Robbery, AggravatedAssault, PropertyCrime, Burglary, Larceny, MotorVehicleTheft, Arson, ViolentCrime) VALUES (306, 2017, 0, 0, 0, 1, 86, 2, 84, 0, 0, 0);"
307,Strasburg,0,0,1,0,23,5,18,0,0,1,"INSERT INTO Crimes (CityId, Year, Murder, Rape, Robbery, AggravatedAssault, PropertyCrime, Burglary, Larceny, MotorVehicleTheft, Arson, ViolentCrime) VALUES (307, 2017, 0, 0, 1, 0, 23, 5, 18, 0, 0, 1);"
308,Lisbon,0,1,0,0,26,6,19,1,0,1,"INSERT INTO Crimes (CityId, Year, Murder, Rape, Robbery, AggravatedAssault, PropertyCrime, Burglary, Larceny, MotorVehicleTheft, Arson, ViolentCrime) VALUES (308, 2017, 0, 1, 0, 0, 26, 6, 19, 1, 0, 1);"
309,Newtown,0,0,0,1,21,5,16,0,0,1,"INSERT INTO Crimes (CityId, Year, Murder, Rape, Robbery, AggravatedAssault, PropertyCrime, Burglary, Larceny, MotorVehicleTheft, Arson, ViolentCrime) VALUES (309, 2017, 0, 0, 0, 1, 21, 5, 16, 0, 0, 1);"
310,New Richmond,0,0,0,6,61,13,45,3,0,6,"INSERT INTO Crimes (CityId, Year, Murder, Rape, Robbery, AggravatedAssault, PropertyCrime, Burglary, Larceny, MotorVehicleTheft, Arson, ViolentCrime) VALUES (310, 2017, 0, 0, 0, 6, 61, 13, 45, 3, 0, 6);"
311,Loudonville,1,1,1,0,67,6,60,1,1,3,"INSERT INTO Crimes (CityId, Year, Murder, Rape, Robbery, AggravatedAssault, PropertyCrime, Burglary, Larceny, MotorVehicleTheft, Arson, ViolentCrime) VALUES (311, 2017, 1, 1, 1, 0, 67, 6, 60, 1, 1, 3);"
312,Covington,0,0,0,3,16,2,14,0,0,3,"INSERT INTO Crimes (CityId, Year, Murder, Rape, Robbery, AggravatedAssault, PropertyCrime, Burglary, Larceny, MotorVehicleTheft, Arson, ViolentCrime) VALUES (312, 2017, 0, 0, 0, 3, 16, 2, 14, 0, 0, 3);"
313,Dennison,0,0,0,2,7,0,6,1,1,2,"INSERT INTO Crimes (CityId, Year, Murder, Rape, Robbery, AggravatedAssault, PropertyCrime, Burglary, Larceny, MotorVehicleTheft, Arson, ViolentCrime) VALUES (313, 2017, 0, 0, 0, 2, 7, 0, 6, 1, 1, 2);"
314,Williamsburg,0,1,0,3,58,11,45,2,1,4,"INSERT INTO Crimes (CityId, Year, Murder, Rape, Robbery, AggravatedAssault, PropertyCrime, Burglary, Larceny, MotorVehicleTheft, Arson, ViolentCrime) VALUES (314, 2017, 0, 1, 0, 3, 58, 11, 45, 2, 1, 4);"
315,Sabina,0,2,0,1,52,15,37,0,1,3,"INSERT INTO Crimes (CityId, Year, Murder, Rape, Robbery, AggravatedAssault, PropertyCrime, Burglary, Larceny, MotorVehicleTheft, Arson, ViolentCrime) VALUES (315, 2017, 0, 2, 0, 1, 52, 15, 37, 0, 1, 3);"
316,Fredericktown,0,0,0,4,55,12,43,0,0,4,"INSERT INTO Crimes (CityId, Year, Murder, Rape, Robbery, AggravatedAssault, PropertyCrime, Burglary, Larceny, MotorVehicleTheft, Arson, ViolentCrime) VALUES (316, 2017, 0, 0, 0, 4, 55, 12, 43, 0, 0, 4);"
317,Middleport,0,0,0,0,13,5,7,1,0,0,"INSERT INTO Crimes (CityId, Year, Murder, Rape, Robbery, AggravatedAssault, PropertyCrime, Burglary, Larceny, MotorVehicleTheft, Arson, ViolentCrime) VALUES (317, 2017, 0, 0, 0, 0, 13, 5, 7, 1, 0, 0);"
318,Milton Township,0,1,1,0,36,7,27,2,1,2,"INSERT INTO Crimes (CityId, Year, Murder, Rape, Robbery, AggravatedAssault, PropertyCrime, Burglary, Larceny, MotorVehicleTheft, Arson, ViolentCrime) VALUES (318, 2017, 0, 1, 1, 0, 36, 7, 27, 2, 1, 2);"
319,Poland Village,0,0,0,0,8,0,6,2,1,0,"INSERT INTO Crimes (CityId, Year, Murder, Rape, Robbery, AggravatedAssault, PropertyCrime, Burglary, Larceny, MotorVehicleTheft, Arson, ViolentCrime) VALUES (319, 2017, 0, 0, 0, 0, 8, 0, 6, 2, 1, 0);"
320,Sharon Township,0,0,0,0,41,3,37,1,0,0,"INSERT INTO Crimes (CityId, Year, Murder, Rape, Robbery, AggravatedAssault, PropertyCrime, Burglary, Larceny, MotorVehicleTheft, Arson, ViolentCrime) VALUES (320, 2017, 0, 0, 0, 0, 41, 3, 37, 1, 0, 0);"
321,Byesville,0,0,0,0,16,4,9,3,0,0,"INSERT INTO Crimes (CityId, Year, Murder, Rape, Robbery, AggravatedAssault, PropertyCrime, Burglary, Larceny, MotorVehicleTheft, Arson, ViolentCrime) VALUES (321, 2017, 0, 0, 0, 0, 16, 4, 9, 3, 0, 0);"
322,New Concord,0,0,0,0,7,0,7,0,0,0,"INSERT INTO Crimes (CityId, Year, Murder, Rape, Robbery, AggravatedAssault, PropertyCrime, Burglary, Larceny, MotorVehicleTheft, Arson, ViolentCrime) VALUES (322, 2017, 0, 0, 0, 0, 7, 0, 7, 0, 0, 0);"
323,Walton Hills,0,,0,0,19,7,11,1,0,,"INSERT INTO Crimes (CityId, Year, Murder, Rape, Robbery, AggravatedAssault, PropertyCrime, Burglary, Larceny, MotorVehicleTheft, Arson, ViolentCrime) VALUES (323, 2017, 0, 0, 0, 0, 19, 7, 11, 1, 0, 0);"
324,West Lafayette,0,2,0,1,6,1,5,0,0,3,"INSERT INTO Crimes (CityId, Year, Murder, Rape, Robbery, AggravatedAssault, PropertyCrime, Burglary, Larceny, MotorVehicleTheft, Arson, ViolentCrime) VALUES (324, 2017, 0, 2, 0, 1, 6, 1, 5, 0, 0, 3);"
325,Gates Mills,0,0,1,1,24,2,20,2,0,2,"INSERT INTO Crimes (CityId, Year, Murder, Rape, Robbery, AggravatedAssault, PropertyCrime, Burglary, Larceny, MotorVehicleTheft, Arson, ViolentCrime) VALUES (325, 2017, 0, 0, 1, 1, 24, 2, 20, 2, 0, 2);"
326,Utica,0,0,0,3,28,7,20,1,0,3,"INSERT INTO Crimes (CityId, Year, Murder, Rape, Robbery, AggravatedAssault, PropertyCrime, Burglary, Larceny, MotorVehicleTheft, Arson, ViolentCrime) VALUES (326, 2017, 0, 0, 0, 3, 28, 7, 20, 1, 0, 3);"
327,Windham,0,0,0,4,36,10,24,2,0,4,"INSERT INTO Crimes (CityId, Year, Murder, Rape, Robbery, AggravatedAssault, PropertyCrime, Burglary, Larceny, MotorVehicleTheft, Arson, ViolentCrime) VALUES (327, 2017, 0, 0, 0, 4, 36, 10, 24, 2, 0, 4);"
328,Creston,0,0,0,1,21,6,13,2,1,1,"INSERT INTO Crimes (CityId, Year, Murder, Rape, Robbery, AggravatedAssault, PropertyCrime, Burglary, Larceny, MotorVehicleTheft, Arson, ViolentCrime) VALUES (328, 2017, 0, 0, 0, 1, 21, 6, 13, 2, 1, 1);"
329,Oxford Township,0,0,0,2,25,4,16,5,0,2,"INSERT INTO Crimes (CityId, Year, Murder, Rape, Robbery, AggravatedAssault, PropertyCrime, Burglary, Larceny, MotorVehicleTheft, Arson, ViolentCrime) VALUES (329, 2017, 0, 0, 0, 2, 25, 4, 16, 5, 0, 2);"
330,New Boston,0,0,3,4,216,29,176,11,1,7,"INSERT INTO Crimes (CityId, Year, Murder, Rape, Robbery, AggravatedAssault, PropertyCrime, Burglary, Larceny, MotorVehicleTheft, Arson, ViolentCrime) VALUES (330, 2017, 0, 0, 3, 4, 216, 29, 176, 11, 1, 7);"
331,Carroll Township,1,0,0,1,17,3,14,0,0,2,"INSERT INTO Crimes (CityId, Year, Murder, Rape, Robbery, AggravatedAssault, PropertyCrime, Burglary, Larceny, MotorVehicleTheft, Arson, ViolentCrime) VALUES (331, 2017, 1, 0, 0, 1, 17, 3, 14, 0, 0, 2);"
332,Cardington,0,2,0,2,23,9,14,0,0,4,"INSERT INTO Crimes (CityId, Year, Murder, Rape, Robbery, AggravatedAssault, PropertyCrime, Burglary, Larceny, MotorVehicleTheft, Arson, ViolentCrime) VALUES (332, 2017, 0, 2, 0, 2, 23, 9, 14, 0, 0, 4);"
333,Jamestown,0,1,2,0,84,27,53,4,1,3,"INSERT INTO Crimes (CityId, Year, Murder, Rape, Robbery, AggravatedAssault, PropertyCrime, Burglary, Larceny, MotorVehicleTheft, Arson, ViolentCrime) VALUES (333, 2017, 0, 1, 2, 0, 84, 27, 53, 4, 1, 3);"
334,"Jackson Township, Mahoning County",0,0,0,2,32,14,18,0,0,2,"INSERT INTO Crimes (CityId, Year, Murder, Rape, Robbery, AggravatedAssault, PropertyCrime, Burglary, Larceny, MotorVehicleTheft, Arson, ViolentCrime) VALUES (334, 2017, 0, 0, 0, 2, 32, 14, 18, 0, 0, 2);"
335,Valley View,0,,0,1,47,7,34,6,1,,"INSERT INTO Crimes (CityId, Year, Murder, Rape, Robbery, AggravatedAssault, PropertyCrime, Burglary, Larceny, MotorVehicleTheft, Arson, ViolentCrime) VALUES (335, 2017, 0, 0, 0, 1, 47, 7, 34, 6, 1, 0);"
336,South Zanesville,0,0,0,1,34,4,29,1,0,1,"INSERT INTO Crimes (CityId, Year, Murder, Rape, Robbery, AggravatedAssault, PropertyCrime, Burglary, Larceny, MotorVehicleTheft, Arson, ViolentCrime) VALUES (336, 2017, 0, 0, 0, 1, 34, 4, 29, 1, 0, 1);"
337,Navarre,0,0,0,1,22,3,18,1,0,1,"INSERT INTO Crimes (CityId, Year, Murder, Rape, Robbery, AggravatedAssault, PropertyCrime, Burglary, Larceny, MotorVehicleTheft, Arson, ViolentCrime) VALUES (337, 2017, 0, 0, 0, 1, 22, 3, 18, 1, 0, 1);"
338,South Bloomfield,0,0,0,0,39,2,34,3,0,0,"INSERT INTO Crimes (CityId, Year, Murder, Rape, Robbery, AggravatedAssault, PropertyCrime, Burglary, Larceny, MotorVehicleTheft, Arson, ViolentCrime) VALUES (338, 2017, 0, 0, 0, 0, 39, 2, 34, 3, 0, 0);"
339,Bellville,0,0,0,0,18,2,15,1,0,0,"INSERT INTO Crimes (CityId, Year, Murder, Rape, Robbery, AggravatedAssault, PropertyCrime, Burglary, Larceny, MotorVehicleTheft, Arson, ViolentCrime) VALUES (339, 2017, 0, 0, 0, 0, 18, 2, 15, 1, 0, 0);"
340,Roseville,0,2,1,1,22,4,14,4,0,4,"INSERT INTO Crimes (CityId, Year, Murder, Rape, Robbery, AggravatedAssault, PropertyCrime, Burglary, Larceny, MotorVehicleTheft, Arson, ViolentCrime) VALUES (340, 2017, 0, 2, 1, 1, 22, 4, 14, 4, 0, 4);"
341,McConnelsville,0,1,0,4,22,3,17,2,0,5,"INSERT INTO Crimes (CityId, Year, Murder, Rape, Robbery, AggravatedAssault, PropertyCrime, Burglary, Larceny, MotorVehicleTheft, Arson, ViolentCrime) VALUES (341, 2017, 0, 1, 0, 4, 22, 3, 17, 2, 0, 5);"
342,Glouster,0,1,0,2,33,9,23,1,0,3,"INSERT INTO Crimes (CityId, Year, Murder, Rape, Robbery, AggravatedAssault, PropertyCrime, Burglary, Larceny, MotorVehicleTheft, Arson, ViolentCrime) VALUES (342, 2017, 0, 1, 0, 2, 33, 9, 23, 1, 0, 3);"
343,Bridgeport,0,1,0,2,22,2,15,5,0,3,"INSERT INTO Crimes (CityId, Year, Murder, Rape, Robbery, AggravatedAssault, PropertyCrime, Burglary, Larceny, MotorVehicleTheft, Arson, ViolentCrime) VALUES (343, 2017, 0, 1, 0, 2, 22, 2, 15, 5, 0, 3);"
344,Ripley,0,1,0,1,19,3,13,3,0,2,"INSERT INTO Crimes (CityId, Year, Murder, Rape, Robbery, AggravatedAssault, PropertyCrime, Burglary, Larceny, MotorVehicleTheft, Arson, ViolentCrime) VALUES (344, 2017, 0, 1, 0, 1, 19, 3, 13, 3, 0, 2);"
345,Fairfax,1,0,2,0,253,2,249,2,0,3,"INSERT INTO Crimes (CityId, Year, Murder, Rape, Robbery, AggravatedAssault, PropertyCrime, Burglary, Larceny, MotorVehicleTheft, Arson, ViolentCrime) VALUES (345, 2017, 1, 0, 2, 0, 253, 2, 249, 2, 0, 3);"
346,Holland,0,1,4,2,349,10,335,4,3,7,"INSERT INTO Crimes (CityId, Year, Murder, Rape, Robbery, AggravatedAssault, PropertyCrime, Burglary, Larceny, MotorVehicleTheft, Arson, ViolentCrime) VALUES (346, 2017, 0, 1, 4, 2, 349, 10, 335, 4, 3, 7);"
347,Batavia,0,0,0,0,57,7,46,4,0,0,"INSERT INTO Crimes (CityId, Year, Murder, Rape, Robbery, AggravatedAssault, PropertyCrime, Burglary, Larceny, MotorVehicleTheft, Arson, ViolentCrime) VALUES (347, 2017, 0, 0, 0, 0, 57, 7, 46, 4, 0, 0);"
348,South Charleston,0,0,0,2,37,5,28,4,0,2,"INSERT INTO Crimes (CityId, Year, Murder, Rape, Robbery, AggravatedAssault, PropertyCrime, Burglary, Larceny, MotorVehicleTheft, Arson, ViolentCrime) VALUES (348, 2017, 0, 0, 0, 2, 37, 5, 28, 4, 0, 2);"
349,McArthur,0,0,1,0,43,8,32,3,2,1,"INSERT INTO Crimes (CityId, Year, Murder, Rape, Robbery, AggravatedAssault, PropertyCrime, Burglary, Larceny, MotorVehicleTheft, Arson, ViolentCrime) VALUES (349, 2017, 0, 0, 1, 0, 43, 8, 32, 3, 2, 1);"
350,Commercial Point,0,0,0,0,21,6,14,1,0,0,"INSERT INTO Crimes (CityId, Year, Murder, Rape, Robbery, AggravatedAssault, PropertyCrime, Burglary, Larceny, MotorVehicleTheft, Arson, ViolentCrime) VALUES (350, 2017, 0, 0, 0, 0, 21, 6, 14, 1, 0, 0);"
351,Mechanicsburg,0,1,0,2,28,5,22,1,1,3,"INSERT INTO Crimes (CityId, Year, Murder, Rape, Robbery, AggravatedAssault, PropertyCrime, Burglary, Larceny, MotorVehicleTheft, Arson, ViolentCrime) VALUES (351, 2017, 0, 1, 0, 2, 28, 5, 22, 1, 1, 3);"
352,New Middletown,0,0,0,0,15,4,9,2,0,0,"INSERT INTO Crimes (CityId, Year, Murder, Rape, Robbery, AggravatedAssault, PropertyCrime, Burglary, Larceny, MotorVehicleTheft, Arson, ViolentCrime) VALUES (352, 2017, 0, 0, 0, 0, 15, 4, 9, 2, 0, 0);"
353,Oak Hill,0,0,1,2,41,7,34,0,0,3,"INSERT INTO Crimes (CityId, Year, Murder, Rape, Robbery, AggravatedAssault, PropertyCrime, Burglary, Larceny, MotorVehicleTheft, Arson, ViolentCrime) VALUES (353, 2017, 0, 0, 1, 2, 41, 7, 34, 0, 0, 3);"
354,Lithopolis,0,0,0,0,13,4,9,0,0,0,"INSERT INTO Crimes (CityId, Year, Murder, Rape, Robbery, AggravatedAssault, PropertyCrime, Burglary, Larceny, MotorVehicleTheft, Arson, ViolentCrime) VALUES (354, 2017, 0, 0, 0, 0, 13, 4, 9, 0, 0, 0);"
355,Pioneer,0,2,0,1,31,5,24,2,0,3,"INSERT INTO Crimes (CityId, Year, Murder, Rape, Robbery, AggravatedAssault, PropertyCrime, Burglary, Larceny, MotorVehicleTheft, Arson, ViolentCrime) VALUES (355, 2017, 0, 2, 0, 1, 31, 5, 24, 2, 0, 3);"
356,Russells Point,1,2,0,1,22,3,19,0,0,4,"INSERT INTO Crimes (CityId, Year, Murder, Rape, Robbery, AggravatedAssault, PropertyCrime, Burglary, Larceny, MotorVehicleTheft, Arson, ViolentCrime) VALUES (356, 2017, 1, 2, 0, 1, 22, 3, 19, 0, 0, 4);"
357,Coitsville Township,0,1,0,2,44,16,24,4,0,3,"INSERT INTO Crimes (CityId, Year, Murder, Rape, Robbery, AggravatedAssault, PropertyCrime, Burglary, Larceny, MotorVehicleTheft, Arson, ViolentCrime) VALUES (357, 2017, 0, 1, 0, 2, 44, 16, 24, 4, 0, 3);"
358,Village of Leesburg,0,0,0,1,54,5,47,2,0,1,"INSERT INTO Crimes (CityId, Year, Murder, Rape, Robbery, AggravatedAssault, PropertyCrime, Burglary, Larceny, MotorVehicleTheft, Arson, ViolentCrime) VALUES (358, 2017, 0, 0, 0, 1, 54, 5, 47, 2, 0, 1);"
359,Frazeysburg,0,0,0,1,9,4,5,0,0,1,"INSERT INTO Crimes (CityId, Year, Murder, Rape, Robbery, AggravatedAssault, PropertyCrime, Burglary, Larceny, MotorVehicleTheft, Arson, ViolentCrime) VALUES (359, 2017, 0, 0, 0, 1, 9, 4, 5, 0, 0, 1);"
360,Salineville,0,0,0,0,18,4,14,0,2,0,"INSERT INTO Crimes (CityId, Year, Murder, Rape, Robbery, AggravatedAssault, PropertyCrime, Burglary, Larceny, MotorVehicleTheft, Arson, ViolentCrime) VALUES (360, 2017, 0, 0, 0, 0, 18, 4, 14, 0, 2, 0);"
361,New Vienna,0,0,0,0,13,3,7,3,0,0,"INSERT INTO Crimes (CityId, Year, Murder, Rape, Robbery, AggravatedAssault, PropertyCrime, Burglary, Larceny, MotorVehicleTheft, Arson, ViolentCrime) VALUES (361, 2017, 0, 0, 0, 0, 13, 3, 7, 3, 0, 0);"
362,Magnolia,0,1,0,0,17,3,13,1,0,1,"INSERT INTO Crimes (CityId, Year, Murder, Rape, Robbery, AggravatedAssault, PropertyCrime, Burglary, Larceny, MotorVehicleTheft, Arson, ViolentCrime) VALUES (362, 2017, 0, 1, 0, 0, 17, 3, 13, 1, 0, 1);"
363,Addyston,0,1,0,2,21,5,15,1,0,3,"INSERT INTO Crimes (CityId, Year, Murder, Rape, Robbery, AggravatedAssault, PropertyCrime, Burglary, Larceny, MotorVehicleTheft, Arson, ViolentCrime) VALUES (363, 2017, 0, 1, 0, 2, 21, 5, 15, 1, 0, 3);"
364,Albany,0,0,0,0,11,1,10,0,0,0,"INSERT INTO Crimes (CityId, Year, Murder, Rape, Robbery, AggravatedAssault, PropertyCrime, Burglary, Larceny, MotorVehicleTheft, Arson, ViolentCrime) VALUES (364, 2017, 0, 0, 0, 0, 11, 1, 10, 0, 0, 0);"
365,Woodmere Village,0,0,1,0,41,0,36,5,0,1,"INSERT INTO Crimes (CityId, Year, Murder, Rape, Robbery, AggravatedAssault, PropertyCrime, Burglary, Larceny, MotorVehicleTheft, Arson, ViolentCrime) VALUES (365, 2017, 0, 0, 1, 0, 41, 0, 36, 5, 0, 1);"
366,Felicity,0,1,0,2,31,4,26,1,0,3,"INSERT INTO Crimes (CityId, Year, Murder, Rape, Robbery, AggravatedAssault, PropertyCrime, Burglary, Larceny, MotorVehicleTheft, Arson, ViolentCrime) VALUES (366, 2017, 0, 1, 0, 2, 31, 4, 26, 1, 0, 3);"
367,Owensville,0,0,0,2,6,0,5,1,0,2,"INSERT INTO Crimes (CityId, Year, Murder, Rape, Robbery, AggravatedAssault, PropertyCrime, Burglary, Larceny, MotorVehicleTheft, Arson, ViolentCrime) VALUES (367, 2017, 0, 0, 0, 2, 6, 0, 5, 1, 0, 2);"
368,Kirtland Hills,0,,0,0,0,0,0,0,0,,"INSERT INTO Crimes (CityId, Year, Murder, Rape, Robbery, AggravatedAssault, PropertyCrime, Burglary, Larceny, MotorVehicleTheft, Arson, ViolentCrime) VALUES (368, 2017, 0, 0, 0, 0, 0, 0, 0, 0, 0, 0);"
369,Peninsula,0,0,0,0,22,2,19,1,0,0,"INSERT INTO Crimes (CityId, Year, Murder, Rape, Robbery, AggravatedAssault, PropertyCrime, Burglary, Larceny, MotorVehicleTheft, Arson, ViolentCrime) VALUES (369, 2017, 0, 0, 0, 0, 22, 2, 19, 1, 0, 0);"
370,Waite Hill,0,0,0,1,0,0,0,0,0,1,"INSERT INTO Crimes (CityId, Year, Murder, Rape, Robbery, AggravatedAssault, PropertyCrime, Burglary, Larceny, MotorVehicleTheft, Arson, ViolentCrime) VALUES (370, 2017, 0, 0, 0, 1, 0, 0, 0, 0, 0, 1);"
